Path ID,Starting Point,Ending Point,Transit Type,Avg Time Taken (Hrs),Distance (Kms)
8ee06edf-7639-46e7-bb08-012c98b92d08,Manufacturer-1002,Retailer-009,Truck,349.1,1321.085
7d345362-484e-4913-b64b-f25f2c799722,Manufacturer-1035,Retailer-144,Van,728.8,1490.725
4e490a00-9e62-4b0f-b13b-8c0efe905bb6,Manufacturer-1035,Retailer-144,Truck,512.3,936.425
5c782b74-65d6-4c8a-b74e-ee109b0031af,Manufacturer-1035,Retailer-266,Van,127.1,547.047
011145a4-3e5e-4805-93e9-22a9b70a1063,Manufacturer-1035,Retailer-009,Truck,456.4,2100.882
9accd824-8178-4d0f-923d-92ade212e63f,Manufacturer-1035,Retailer-667,Truck,447.6,1261.449
56c79ef0-4f6c-4117-a4f8-e4d5d2bd5b5a,Manufacturer-1035,Retailer-332,Truck,222.5,2310.534
7bd5ed90-073a-4416-8edb-8b5dcb9baa57,Manufacturer-1035,Retailer-266,Truck,611.5,1634.48
615762c8-0552-4377-881e-bbdeebe32f10,Manufacturer-2344,Retailer-144,Airplane,387.1,927.442
967be2d7-b7f5-4614-8e85-d3244a17d9bc,Manufacturer-1035,Retailer-266,Van,314.2,927.454
fe7f7bc4-d53d-4690-9c55-4bb836be6d33,Manufacturer-2344,Retailer-667,Airplane,405.7,1507.164
e837d979-4188-4453-81fc-0d4fb1d426cb,Manufacturer-1002,Retailer-009,Van,168.5,1253.075
b0011e19-2bf1-41e9-8c87-8bb78463638e,Manufacturer-1002,Retailer-266,Van,440.7,1431.959
23fb84d8-5922-43b0-b1e0-3c2bbf77c850,Manufacturer-1035,Retailer-009,Truck,213.2,274.912
0877a676-e3c2-4acb-9f56-d3ba1c5da353,Manufacturer-1002,Retailer-009,Airplane,730,2054.598
84dd0deb-dd89-42d0-95f4-f7a86d93ded4,Manufacturer-1035,Retailer-266,Van,474.2,345.257
b114a696-1ba5-476d-a969-8d191076ddfd,Manufacturer-1035,Retailer-770,Van,250.5,2231.595
68d408b4-e193-47b8-8191-4a6b30629e82,Manufacturer-1002,Retailer-144,Airplane,130.4,604.941
db737b1a-57c3-40d1-98a7-cc5dcc3df34e,Manufacturer-1002,Retailer-144,Airplane,188.8,1130.398
de97f27f-b042-411c-8514-53a72ecb9605,Manufacturer-1035,Retailer-009,Van,587.6,1083.023
5ef90eb4-92f0-4a57-ac52-71b7b019edeb,Manufacturer-1002,Retailer-667,Airplane,88.8,379.288
403276cf-5b00-42fe-b5b8-7726d651de1b,Manufacturer-1035,Retailer-266,Truck,202.5,2334.237
b51133eb-8ea9-4c8a-bda1-f096c91ed4db,Manufacturer-2344,Retailer-009,Truck,570.8,1162.037
1cb40448-b38d-4c3d-9ec3-67790c6e8bf5,Manufacturer-2344,Retailer-144,Truck,546.5,531.103
4b1ca3dc-dc2a-4c60-a229-6e0082b33576,Manufacturer-1035,Retailer-266,Airplane,341.8,294.988
580d2e72-e79a-46c4-9ed9-42855a6aa475,Manufacturer-1002,Retailer-144,Airplane,694.3,2251.101
b7d7902a-860d-4da0-8f3e-cc64650a9333,Manufacturer-1002,Retailer-667,Van,722.5,1629.478
b389c117-b10c-4cff-bbf2-1976bf2d8c14,Manufacturer-1002,Retailer-144,Airplane,443,539.431
a9f6cdfc-bfb0-4c72-8ed9-bc0a09074f34,Manufacturer-1002,Retailer-332,Airplane,36.1,948.356
ce69a341-b9a8-4a87-ba38-df85662321c1,Manufacturer-2344,Retailer-009,Van,327.3,320.582
d425e648-6df5-4e2b-bea6-8585817cdb29,Manufacturer-1035,Retailer-770,Van,86.4,899.169
7fff2e61-da86-49c3-a0e4-9455621c7742,Manufacturer-1035,Retailer-009,Van,739.3,724.534
9114274e-693e-48a5-96eb-188d31ea9de2,Manufacturer-1035,Retailer-144,Airplane,714.8,2237.887
37bf37a9-67b9-49e3-8256-647c50d09e0d,Manufacturer-2344,Retailer-009,Airplane,740.6,528.639
4b9fbb79-3183-4a9a-97ac-6aed8b7afbf2,Manufacturer-1035,Retailer-332,Truck,493.6,1462.973
2e6e6444-5de8-4e6a-8009-d6dcdf67794e,Manufacturer-1002,Retailer-770,Airplane,572.6,427.991
03cf1e12-b3ad-4d3a-bd31-9246f18ddac1,Manufacturer-2344,Retailer-332,Van,590.4,368.767
93195c84-095e-4798-abd9-831c6288c8c7,Manufacturer-1002,Retailer-770,Truck,34.7,289.787
5744949a-9a73-4e7d-9230-a339a5fe7c05,Manufacturer-2344,Retailer-332,Truck,351.7,2309.865
09b0ba33-293d-4e0d-b628-c3d1fa3b884f,Manufacturer-2344,Retailer-667,Truck,300.4,1609.115
16b0b8f8-9bbc-417e-9114-a2835c760cf2,Manufacturer-1002,Retailer-770,Van,645.2,845.438
f1f3a79f-5f07-46df-9ff7-c3670506d0f8,Manufacturer-1002,Retailer-770,Airplane,524.4,2231.276
653a93c9-ce21-424e-b244-fe7ce18d4c8a,Manufacturer-2344,Retailer-144,Van,645.2,859.099
5c3ce1f0-11fc-40a4-b576-a7e0f59de0bb,Manufacturer-1002,Retailer-266,Truck,697.4,1006.711
2b6ab6e3-6a58-4d80-a717-2f2e828b28be,Manufacturer-1035,Retailer-266,Ship,244.9,1903.365
04790793-b61b-4b4b-9cd0-55de33e83f24,Manufacturer-1002,Retailer-009,Airplane,190.4,278.489
46202c05-5574-46e1-8031-4c92dbb81ae1,Manufacturer-2344,Retailer-266,Truck,695.4,382.344
ddde9fe8-b468-411b-9090-391d94578999,Manufacturer-1035,Retailer-332,Ship,410.9,2143.809
70c502d7-1d6e-4dd1-8691-90e1dee34857,Manufacturer-2344,Retailer-332,Airplane,505.2,1641.601
54096386-f5c7-4565-a4f3-f6a096c6a18c,Manufacturer-2344,Retailer-266,Airplane,743,1667.82
7a7581f9-a906-4f64-9d6a-eb4d8ac242ab,Manufacturer-1002,Retailer-770,Truck,543.8,487.687
2f9d7258-b294-4d76-95f4-193a1e7cb3d0,Manufacturer-1035,Retailer-770,Truck,556,1600.338
b70df33e-bc78-4bb8-acd2-9ba180057680,Manufacturer-1035,Retailer-667,Van,102.2,441.389
04895eae-7a61-4889-b317-16902f4d43a5,Manufacturer-2344,Retailer-770,Ship,107.5,383.943
7af9d085-51f4-4e50-b529-474e700e4fc8,Manufacturer-1035,Retailer-770,Truck,331.5,424.269
f153ebc6-46b0-4808-a2da-10e018d646c5,Manufacturer-1002,Retailer-266,Airplane,265.2,235.041
d144305a-849b-448e-951d-1472be1cab49,Manufacturer-1035,Retailer-770,Van,607.8,1190.856
b1aec5b6-eeb7-416b-aab6-78d624a9c6c8,Manufacturer-1035,Retailer-332,Airplane,339.9,1635.793
c0a62338-cf4e-408a-aa59-774aa1c528b3,Manufacturer-1035,Retailer-332,Van,628,1257.297
a2757864-911e-4be9-9c8f-80efa79255d6,Manufacturer-1002,Retailer-144,Ship,98.2,1436.793
5c2cba7a-778f-45de-a351-0048c363e0a1,Manufacturer-2344,Retailer-770,Van,548.5,2388.239
bab8ad34-9bdf-4474-89ba-45b487acf420,Manufacturer-1035,Retailer-770,Van,565.7,256.199
8a7ff101-b480-4f76-a547-3a0961cdd69d,Manufacturer-2344,Retailer-332,Van,33.8,1921.103
b632a1b9-916a-49cf-bd76-0c4d764dd7bc,Manufacturer-2344,Retailer-770,Van,603.9,698.111
398648c3-474d-43ba-9449-3122ca6988c0,Manufacturer-2344,Retailer-667,Ship,553.4,2444.578
4afcfa09-f669-415f-9060-35f3889ed467,Manufacturer-1002,Retailer-009,Truck,557.3,1686.892
d849604d-290d-4506-b2e4-7154cf575fd1,Manufacturer-1035,Retailer-144,Truck,418,2006.931
7c83302a-bcb3-4ca0-8553-656081d682b1,Manufacturer-1002,Retailer-266,Truck,148.7,332.399
07131285-f532-43b7-afdb-955000748cc0,Manufacturer-1035,Retailer-266,Truck,308.7,2112.572
b4155f39-a6e8-4be4-ab79-4aad0e584723,Manufacturer-1002,Retailer-144,Truck,594.8,1652
c06c6b0e-2726-4418-90ca-7c39ad7aa2c4,Manufacturer-1002,Retailer-332,Ship,585.9,948.152
b3ca5e2f-980e-49cd-8abe-a4f6e5a05920,Manufacturer-2344,Retailer-009,Airplane,462.9,1123.294
153a0425-bd1a-4176-bd27-ccac16b6a050,Manufacturer-1035,Retailer-667,Truck,63.9,201.72
119eaa35-42d5-4579-84bb-3c9b4121b963,Manufacturer-1035,Retailer-667,Ship,729.2,1350.404
0b38a1cd-e46c-45e0-800e-c7de0c5f0240,Manufacturer-1035,Retailer-667,Airplane,714.1,1484.573
cb8515c0-41ff-4290-b30a-0859f9d392b1,Manufacturer-1002,Retailer-266,Truck,306.7,1980.64
d9bd25ff-8ba1-4901-9dd1-ecf3002dedf6,Manufacturer-2344,Retailer-770,Van,625.1,1716.658
c0540033-13c4-4a6c-8bbf-b654c3c39682,Manufacturer-2344,Retailer-144,Truck,68.4,1640.485
bc12c225-a4d6-4a06-9d9e-adfc9e068676,Manufacturer-2344,Retailer-770,Airplane,403,1229.637
a5510eef-e0e6-4c57-acc0-e94f8cccae42,Manufacturer-1002,Retailer-667,Ship,352.7,1731.711
9264cc1d-460f-4024-b690-06f110525bd5,Manufacturer-2344,Retailer-667,Airplane,598.8,1761.004
717a2fb6-7e4f-4a1f-8c09-e4957d2b1c02,Manufacturer-1035,Retailer-770,Ship,394,2438.786
6aa05c1e-753d-4266-8ecb-0d8a99d8b776,Manufacturer-1002,Retailer-770,Van,240.2,1098.383
d783c0a5-4633-49e8-984e-6bbba572b50e,Manufacturer-1002,Retailer-332,Van,491.9,685.148
ff268ce4-64f0-4d88-8bde-29dd998d9d30,Manufacturer-1002,Retailer-770,Ship,227.5,1527.851
fa2a3fad-66f5-40bf-ad28-a5f4677c9555,Manufacturer-1035,Retailer-009,Airplane,463,2482.364
e63939e6-c6f0-40ae-8c9b-9ab1138f74ee,Manufacturer-1035,Retailer-144,Truck,49.7,394.023
aba3a874-e2c0-4906-93a1-2a611e133281,Manufacturer-2344,Retailer-667,Ship,109.3,1979.441
74581a88-d7e0-495b-a0a5-15c146ecf649,Manufacturer-1035,Retailer-144,Ship,551.4,580.405
b06de1a7-4537-46f7-b3a5-034ce6f67e9f,Manufacturer-2344,Retailer-770,Airplane,510,1681.882
3943d4a1-6fcd-454b-abf0-ef60b906d6ea,Manufacturer-1002,Retailer-009,Ship,342.8,1942.515
9fde13a8-231c-4634-bcce-0cca1eb311ea,Manufacturer-1035,Retailer-667,Van,32,215.531
c0e66e42-9e5d-4845-a7c0-e42f9582d58e,Manufacturer-1002,Retailer-009,Van,749.9,2016.911
66f0f30a-af66-41fd-9432-96e78eb793f8,Manufacturer-1002,Retailer-667,Airplane,665.7,337.313
5d7ac032-9689-4764-b9c8-f3e06dde7d62,Manufacturer-2344,Retailer-266,Truck,461.7,2007.026
6aeabf43-208a-49cc-ace3-2736a62f3469,Manufacturer-1002,Retailer-770,Airplane,37.1,1769.287
3c0065c5-ba24-4795-a46d-efebc5f398d3,Manufacturer-1002,Retailer-667,Van,284.7,781.705
6950c83a-5f9c-4794-930b-6f587dba9696,Manufacturer-2344,Retailer-332,Van,368.5,351.124
0b1980e8-ebd9-4d7e-8b1d-c11dbacf25ed,Manufacturer-1035,Retailer-667,Airplane,664.9,2273.638
071d3263-fe8c-4dbc-a468-197283700b36,Manufacturer-1035,Retailer-667,Airplane,98.8,1532.571
4609e8af-5eff-4303-b1d2-3222a8db7eff,Manufacturer-1002,Retailer-770,Ship,140.4,247.028
b6f14174-1999-4dee-a23c-d75fa9e70bca,Manufacturer-1035,Retailer-144,Airplane,215.3,907.704
0f3ee12e-a516-4602-bcb8-57fc0926ee54,Manufacturer-1002,Retailer-266,Ship,530.5,854.457
5532d979-4219-40e3-8ba3-d8e4eaeb55a2,Manufacturer-2344,Retailer-144,Truck,544.4,1680.081
b0e2df9f-ce96-4a52-a236-4d1039b0ff19,Manufacturer-1035,Retailer-770,Airplane,503.4,1045.936
e67266b7-2be5-4fbd-9366-f35b72463534,Manufacturer-1002,Retailer-144,Truck,623.9,1489.299
a06ec077-cc04-4176-89e6-335dac59f722,Manufacturer-1002,Retailer-667,Ship,458.8,1779.073
40e20aaa-2041-44a9-a97c-f81d76fe4b5d,Manufacturer-2344,Retailer-144,Ship,288.5,2459.012
6bc6c316-c54f-457e-99b9-49ee74e26687,Manufacturer-2344,Retailer-667,Ship,220.1,412.148
0d4540ab-bad0-434a-a272-082007c79a3e,Manufacturer-1035,Retailer-144,Truck,142.6,2060.952
643f7fee-9c6d-4493-8e82-53578250007c,Manufacturer-1035,Retailer-144,Ship,501.7,211.09
3df41487-25cc-4ef5-b480-020b756fe2b1,Manufacturer-1002,Retailer-770,Truck,340.9,990.621
0cc31184-c2b2-4390-81c6-6cbfc8a7be44,Manufacturer-2344,Retailer-144,Truck,507.2,1904.216
3e920dec-c085-465d-9ca1-8fae05d8cf7c,Manufacturer-1002,Retailer-009,Airplane,706.3,1628.426
846cc9ef-f2b3-469d-abed-c19cb03ddbaa,Manufacturer-2344,Retailer-266,Airplane,635.4,1309.901
499afd40-77b3-4be1-b9a6-78a23333e99d,Manufacturer-1002,Retailer-144,Truck,397.2,620.896
1725c9bf-5b75-43bd-9b14-37d678ab21fd,Manufacturer-1035,Retailer-144,Truck,537.9,1117.465
78b102f2-7294-4b67-8268-991a2e4efa23,Manufacturer-2344,Retailer-009,Van,747.8,1105.365
b95f0a1f-7cd2-492c-ad56-b0534052d4d7,Manufacturer-1035,Retailer-144,Van,275.4,2247.764
16c3a5e6-e7ae-4534-9bd4-f57dee83b48a,Manufacturer-2344,Retailer-009,Ship,706.5,857.747
547efaf8-38dc-48e5-897f-3dacfc285244,Manufacturer-1002,Retailer-667,Van,277,1412.57
95336619-7e07-4c99-b369-ba5622a97970,Manufacturer-1002,Retailer-009,Airplane,494.5,1753.453
25c9c3da-6398-465d-9b93-686e8795f43f,Manufacturer-1002,Retailer-770,Van,124.7,2149.496
5d3dc057-c3bc-458c-9470-1addb6ed0bb0,Manufacturer-1035,Retailer-009,Truck,165.5,1822.414
679f6ac2-a1f9-40a6-8b0b-5d09e151d059,Manufacturer-1002,Retailer-266,Truck,649.3,1623.665
d6cd1d4b-219c-4945-9314-3d53ab4e3a3a,Manufacturer-1002,Retailer-144,Truck,429.4,2341.944
ed107312-9dfe-4d28-98b3-e46ac6387bb5,Manufacturer-1035,Retailer-009,Van,27.5,670.122
fbb4ad6c-1099-4404-8994-657f9ab7a906,Manufacturer-2344,Retailer-332,Van,487.8,350.007
495fed94-2f18-44bd-844b-516c92cc2969,Manufacturer-2344,Retailer-009,Ship,137.9,1944.552
f242427e-5d04-4e7a-971c-f9959d7d21ba,Manufacturer-1035,Retailer-009,Ship,170,861.529
0046a942-dde2-4608-9903-5f8c587b995b,Manufacturer-1035,Retailer-009,Van,700.4,2002.175
eaab0074-5c4d-4af0-a32d-f4e5ceef47ca,Manufacturer-2344,Retailer-266,Ship,28.5,354.967
131bedbb-f13c-4922-8796-cba542868e12,Manufacturer-1002,Retailer-770,Truck,593.7,978.906
39a3ab68-149c-48fb-822b-a93bc05033a2,Manufacturer-2344,Retailer-009,Airplane,211.3,2459.599
021a2ccd-9105-487a-847b-7afd6ba63603,Manufacturer-1002,Retailer-770,Airplane,105.2,886.947
0254db20-ce5d-4a2b-baf9-efc7a8e2574d,Manufacturer-1035,Retailer-009,Van,633.1,562.024
e8c3fbe0-60fe-4794-80de-e92d9aa7f971,Manufacturer-2344,Retailer-332,Ship,381,213.777
c8b9e84e-6eec-4393-98ff-fe2789ef1123,Manufacturer-2344,Retailer-667,Van,111.9,2439.47
21e409e3-39f3-4bc6-a6b2-d6af444294d2,Manufacturer-1002,Retailer-332,Van,383.6,693.61
7d118590-6f31-436d-a154-6f73398d9862,Manufacturer-2344,Retailer-770,Airplane,155.8,777.966
2e010dc3-c607-4e42-a194-7cf043b6755f,Manufacturer-2344,Retailer-266,Truck,35.9,2069.467
7bcb5442-2135-4e25-91f3-733282ebce0d,Manufacturer-1002,Retailer-770,Truck,605.9,1747.16
21e4630b-96fb-47a5-8943-68c01ba769b1,Manufacturer-2344,Retailer-332,Airplane,50.5,1609.599
ffbaed56-7193-4c72-8c19-9dbd7411c399,Manufacturer-1035,Retailer-266,Airplane,504.8,968.299
ece8e3bf-5ae5-49c8-a124-9966989207d7,Manufacturer-1002,Retailer-667,Truck,466,2372.656
591c196d-4884-4887-99a0-1972a20e76e4,Manufacturer-1002,Retailer-009,Ship,519.7,1303.387
93e0c53c-13f3-4063-8d6b-f480ba2366e5,Manufacturer-1035,Retailer-144,Truck,649.9,368.489
d49548e9-f461-4e2e-bf58-3cbf6adad27b,Manufacturer-2344,Retailer-770,Truck,392.4,1534.501
31efda90-15fd-486f-a7c5-0fad44d1d137,Manufacturer-2344,Retailer-667,Ship,486.4,250.03
c61f1441-efa9-4a9d-b6c9-60b81f5e4423,Manufacturer-2344,Retailer-667,Truck,121,2107.801
410ec576-9deb-45f0-bf23-485d56e52303,Manufacturer-1035,Retailer-144,Van,57.7,1702.581
ecc8d207-94ef-48f7-9187-0fd86b66b005,Manufacturer-1002,Retailer-266,Ship,498.9,1358.963
43207395-f528-4169-86ac-09897ff92e57,Manufacturer-1035,Retailer-144,Ship,137.7,929.828
1c3a1e01-be78-4467-a70e-ada550e41719,Manufacturer-2344,Retailer-144,Van,386.3,2330.179
4554f87d-cb36-4a26-a76f-c91c4b95ab14,Manufacturer-2344,Retailer-667,Van,518.1,200.574
91407743-f673-4f51-a80b-762f57979923,Manufacturer-1035,Retailer-770,Airplane,411.9,1439.496
f350edf7-e605-4b6d-bdd8-3110b2f5677e,Manufacturer-2344,Retailer-009,Airplane,551,951.905
be567319-5206-4097-9d19-9ecd70d7c64d,Manufacturer-2344,Retailer-266,Truck,720.8,1023.718
cc444791-d6ac-4a80-b98d-7af8176d0783,Manufacturer-1002,Retailer-667,Airplane,200.5,2097.443
31a1ce32-17b4-4438-a935-6fd66905bc0f,Manufacturer-1035,Retailer-667,Truck,100.1,599.678
286fd593-1b58-4e8f-a298-8a7014f1439b,Manufacturer-1035,Retailer-770,Van,606.6,2001.601
05afeb69-aaa4-4ea6-8c96-f915f8243cfa,Manufacturer-1002,Retailer-009,Ship,647.7,430.13
9bea1321-9313-4e09-b602-ee990340aaff,Manufacturer-1002,Retailer-332,Van,78,2243.405
ca23c9b3-d48f-4795-9481-5c31596275c3,Manufacturer-1002,Retailer-144,Truck,369.1,298.86
3e8b7422-fe78-4254-9713-153a48199257,Manufacturer-1035,Retailer-667,Ship,128,1792.033
c64abd7a-7cef-4e8a-9f2d-254751d496fa,Manufacturer-2344,Retailer-266,Truck,128.2,282.726
cbea0eac-ce92-462c-9114-e08705dbc3eb,Manufacturer-2344,Retailer-144,Van,150.9,1618.445
2e407640-91a9-498c-99f1-1c1a8bf516f3,Manufacturer-1035,Retailer-332,Airplane,399.5,1275.389
b7c0419f-f563-471d-800c-27e7d56c9368,Manufacturer-1035,Retailer-009,Airplane,336.9,2053.195
84e1c70a-f145-4a52-8536-20500cbdf59b,Manufacturer-2344,Retailer-770,Truck,291,1711.75
728f4700-0262-4f26-a651-04b86f202395,Manufacturer-1035,Retailer-144,Van,171.9,1511.396
e21e576a-f0b8-4111-b238-8d06aa72c2b7,Manufacturer-1002,Retailer-009,Airplane,354,500.186
502997d3-56c7-4a71-bb75-e6619d370010,Manufacturer-1002,Retailer-770,Ship,694.8,437.179
913c6449-1473-45ad-8186-544cb4df73ef,Manufacturer-2344,Retailer-266,Ship,161,1499.019
44266961-1e1b-4d1f-af05-384afcd1eac5,Manufacturer-1035,Retailer-009,Truck,234.6,1892.574
fe89ba84-b870-4f58-b5c5-2b8f7a891156,Manufacturer-2344,Retailer-144,Truck,223.6,231.857
a2ff9696-8cd0-4d64-a843-38932b4efdae,Manufacturer-2344,Retailer-009,Van,249,1133.37
424d92d0-3429-43d4-9554-80e5d0c5387d,Manufacturer-1035,Retailer-770,Van,40.3,1918.074
36b52b46-bc73-4939-9b16-77efd7ca7e9c,Manufacturer-2344,Retailer-667,Truck,403.4,2324.807
550866db-d219-45bb-a633-5f55ea62496a,Manufacturer-1002,Retailer-770,Airplane,261,1650.061
e74aad15-7562-4206-9a51-74fb3a614510,Manufacturer-2344,Retailer-332,Ship,340.7,1790.368
a993aadb-73b1-4d37-9346-bad2fdc4825d,Manufacturer-2344,Retailer-667,Ship,95.1,1133.563
6d76acbf-3422-4748-ab21-b9c6f0ad010f,Manufacturer-1035,Retailer-770,Ship,198.3,1692.109
62eaa62c-99bc-4239-a152-b64995ba55fd,Manufacturer-1002,Retailer-332,Ship,534.7,1254.307
076ba7c4-4e06-4ea5-9624-1907609c3411,Manufacturer-1035,Retailer-770,Van,610.6,565.274
49425bc7-35df-43ba-bf77-3d0a20f7be98,Manufacturer-1002,Retailer-667,Truck,89,2009.237
293edb30-2384-445f-85eb-34775cffcadc,Manufacturer-1002,Retailer-144,Ship,542.2,257.672
e8ee4f42-0827-44fe-b6f1-9931a2459ef6,Manufacturer-1002,Retailer-667,Airplane,100.7,1150.312
d6685f83-6643-4850-9d9b-25de854dac26,Manufacturer-2344,Retailer-266,Ship,473,1233.637
a4a2c5ad-eba9-4fce-a241-50bb9c9d3950,Manufacturer-1035,Retailer-266,Truck,324.9,920.199
0722023c-c751-47f6-881e-293b690f0071,Manufacturer-1002,Retailer-770,Ship,724.1,1687.232
3fb58f50-a8f1-49df-84b6-a3c9fe0604ac,Manufacturer-1002,Retailer-667,Ship,538.3,1310.207
9cbe9f94-09d6-4959-9592-bd0632d493f2,Manufacturer-2344,Retailer-332,Van,706.2,1830.774
70c3ad7d-40ac-4252-b717-4e97b2471b8d,Manufacturer-2344,Retailer-009,Airplane,411.5,1497.004
9f5c9f0c-57eb-40e3-b297-749166608b74,Manufacturer-2344,Retailer-144,Truck,668.7,444.232
6bfafe55-2df9-4fde-8d45-6ca310c336a7,Manufacturer-1002,Retailer-266,Airplane,77.4,1451.18
85dc71ed-fa14-4967-b6a5-4cd4bd3ed128,Manufacturer-2344,Retailer-266,Ship,372.1,1805.495
f1007eaa-6dbc-4b27-a746-b7754cbd9b2c,Manufacturer-1002,Retailer-266,Ship,434.7,901.444
469212b1-9281-44ab-ad18-a59d6d3b82d5,Manufacturer-2344,Retailer-266,Van,733.1,2448.501
af908e5f-ee21-4b7d-833f-3265f06b30aa,Manufacturer-1035,Retailer-667,Ship,258.8,262.552
094ac999-8092-4473-b39f-0cab70d53042,Manufacturer-1002,Retailer-770,Airplane,552.7,1738.187
72704b91-0738-430c-b1dc-aa928bb313a6,Manufacturer-1035,Retailer-144,Airplane,46.9,2070.433
19631ba6-897b-4c2f-a39c-de68ff1617a2,Manufacturer-2344,Retailer-009,Airplane,535.5,2195.927
fbe2a7f0-9996-409d-aec9-4ae33d941818,Manufacturer-2344,Retailer-332,Truck,575.4,1625.355
f47814b7-2bb6-4525-a03d-62cecb997727,Manufacturer-1002,Retailer-667,Ship,214,2204.76
9fc89512-de9e-4542-9d3d-4c2797ab392f,Manufacturer-2344,Retailer-770,Ship,737.3,1077.43
a6fd640f-5475-4d2b-8f8e-70d2c065a7c0,Manufacturer-1002,Retailer-770,Van,276.9,1885.194
6242da56-7864-418d-98d6-7f979905b35e,Manufacturer-2344,Retailer-770,Ship,402.8,978.735
c2656bda-9fa3-487e-a5ff-84bcc85ec117,Manufacturer-1035,Retailer-332,Airplane,667.6,481.621
abba8f52-5881-4740-a3fe-9883bcd68f24,Manufacturer-1002,Retailer-667,Airplane,633,1592.048
6ea12e1b-2d4b-4903-a0d2-80d2d820e82c,Manufacturer-2344,Retailer-144,Airplane,212.7,2207.702
c212623e-2cbe-4a3f-a442-fb33fec813a9,Manufacturer-1002,Retailer-266,Truck,711,2006.85
0dbfa7b8-1f43-4e0a-a10f-81fef83e5170,Manufacturer-1002,Retailer-770,Truck,683.4,1202.67
8dc0bee2-5811-49e9-aee3-df9ac54089fc,Manufacturer-2344,Retailer-266,Truck,288.7,1491.417
d86560ac-5cc0-42b6-a6ee-d81e5f00ce46,Manufacturer-1002,Retailer-667,Van,222.9,1984.116
b9948e08-a3b4-4a45-915c-91e20b1cac9c,Manufacturer-1002,Retailer-144,Airplane,233.6,2264.086
9c4a56b1-06cb-41ef-975a-796944ad2566,Manufacturer-2344,Retailer-770,Truck,425.6,935.325
905b2ec0-05b1-4fed-b814-7b402bc7e003,Manufacturer-1002,Retailer-770,Truck,529.6,1608.858
cc06c816-4de2-4cac-8cc1-975f1a45c915,Manufacturer-1035,Retailer-770,Airplane,653.4,2360.103
ff621a11-97c9-47ab-b466-448a473fb575,Manufacturer-2344,Retailer-266,Van,191.1,1361.872
92b203f6-f7f7-4e55-a8c4-acdd9012ecd8,Manufacturer-2344,Retailer-667,Van,132.5,2094.248
975c9a89-a6d5-49b4-a133-93e63ea5989f,Manufacturer-1002,Retailer-332,Truck,528.3,941.074
56569c59-691e-459d-b8b1-f4da6b6b5402,Manufacturer-1035,Retailer-770,Ship,665.7,621.017
79771f29-f7f0-4cfd-913f-416b11a0316a,Manufacturer-1002,Retailer-667,Truck,442.9,2056.513
057b78bc-0b16-4117-b826-9ffe4adfdc19,Manufacturer-1002,Retailer-009,Airplane,616,2085.14
450eb3c6-63f6-4dad-8d55-04020da476da,Manufacturer-1035,Retailer-144,Truck,96.6,1865.164
106fc76b-fb58-404c-b1c7-c09417e122eb,Manufacturer-2344,Retailer-332,Van,419,1487.859
59290ed4-2569-41a0-9a6f-dbc51ec43907,Manufacturer-1035,Retailer-770,Van,227,2220.561
474b5e93-a5ca-4e26-88c0-830b47f703a8,Manufacturer-1002,Retailer-332,Airplane,410.6,2437.089
9d58b120-26ea-42eb-af0d-c49ae2fe934e,Manufacturer-1002,Retailer-144,Ship,115.6,593.349
6d3a3051-66e3-4d86-a7da-eaf5694ad639,Manufacturer-1002,Retailer-667,Airplane,234.7,924.803
09a8b4e7-3954-4750-a585-55462c66e713,Manufacturer-1035,Retailer-144,Van,615.7,560.663
5261d6b3-7e5f-489c-93ff-0e5a6332ad2c,Manufacturer-1035,Retailer-332,Ship,252.1,804.451
7000c566-cb9a-470d-bc23-f121e21584b2,Manufacturer-1002,Retailer-770,Ship,472.9,1382.813
b717e207-f4e1-4f2f-ae32-eeff92d48da1,Manufacturer-1035,Retailer-144,Airplane,384.7,2284.873
32a03184-da5d-4d3d-8025-afe2994363e1,Manufacturer-1035,Retailer-009,Van,655.4,1963.393
8679b7e4-4c22-4d21-840f-6627a65daa88,Manufacturer-1002,Retailer-266,Ship,740.7,2336.014
6c702a6c-9092-4592-ba7c-1d691e347321,Manufacturer-1002,Retailer-266,Ship,637.3,513.651
72e7fb8b-be10-44d7-940b-afce50aa2e1d,Manufacturer-1035,Retailer-667,Airplane,350.1,1610.126
eeefcc86-03dc-4308-99af-935d4b17840b,Manufacturer-2344,Retailer-144,Ship,34.8,994.301
814bbdb1-70c9-44d0-b15a-26a65b9d4d7f,Manufacturer-1002,Retailer-667,Airplane,160.6,648.624
d9937795-740d-4beb-ab96-9307719d8856,Manufacturer-1035,Retailer-667,Van,342.6,402.322
2fa7ec94-e50e-4f23-ac13-5dc9a8db10f9,Manufacturer-1035,Retailer-266,Truck,203.1,381.954
1ea747ee-d64a-478a-918c-5bda3f85b3a9,Manufacturer-1035,Retailer-667,Ship,282.5,1984.771
e6e2ca8f-ba62-400d-bd5b-09e436588e8c,Manufacturer-2344,Retailer-009,Truck,29.2,739.804
8011e2de-bac1-4b90-8b26-5da743dad289,Manufacturer-1035,Retailer-266,Airplane,660,1119.181
c36767cd-2782-488e-ab4a-1f07eb9e00af,Manufacturer-2344,Retailer-770,Truck,440,732.096
ea093a35-2ab1-4242-94c4-11d07a38d60d,Manufacturer-2344,Retailer-770,Van,371,512.585
c0a577e8-761b-4e64-adbe-fe57e5bc9f03,Manufacturer-1002,Retailer-009,Truck,237.5,1852.139
f4b405ce-53d4-46d7-b364-ac5e6667b216,Manufacturer-1035,Retailer-667,Van,34.7,1177.623
a6ad4640-814e-4a48-8979-5b572ff6e70a,Manufacturer-1002,Retailer-266,Ship,72.2,2468.927
d3604a69-ec0a-40f1-9206-9205f4030f47,Manufacturer-1002,Retailer-266,Truck,301.8,1829.271
35a32aa2-b031-445a-8be0-26fd82aefbcc,Manufacturer-1002,Retailer-009,Van,136.4,1487.649
5cca19f9-18ab-4410-9609-4b890fe79eaf,Manufacturer-1002,Retailer-009,Airplane,403.7,1739.006
5a9dff1b-0f67-47f0-8049-d8a094b56612,Manufacturer-1035,Retailer-144,Airplane,169.6,1246.716
e9f94d75-2cea-4571-aae7-3c17a1ad8b98,Manufacturer-1002,Retailer-266,Truck,119.3,238.633
d2a2063f-ac34-4436-bede-3d531db3acf7,Manufacturer-2344,Retailer-009,Airplane,408.8,1238.311
ace41ff6-6df6-403c-8278-3c3afdcf82af,Manufacturer-2344,Retailer-144,Ship,254.1,1246.8
711e9b4d-3827-4082-9fea-3b5fcb3bd6b7,Manufacturer-2344,Retailer-266,Van,712.4,1997.977
8e72fa96-6eda-4e59-883b-1f61a184883b,Manufacturer-1035,Retailer-009,Truck,179.1,998.152
59f64bfe-36df-441e-93c2-53ae9c38a281,Manufacturer-2344,Retailer-667,Airplane,703.2,720.205
cfc9ee1b-4a28-48e5-9e4a-df3af8ac1003,Manufacturer-1035,Retailer-332,Van,574.4,1497.58
f3b5ecfa-fdc8-42c4-8fc0-833c495a13a2,Manufacturer-2344,Retailer-009,Ship,44.9,1022.655
9853be76-c389-44cf-8f62-972f5d3738bf,Manufacturer-1002,Retailer-144,Airplane,203.3,1976.348
94a5f70e-ea1b-4386-a731-fa73688a67c0,Manufacturer-1002,Retailer-770,Truck,366.6,1364.131
265ca7de-4138-4953-b62b-a82c2b0c1fea,Manufacturer-2344,Retailer-332,Airplane,235.8,1923.546
8648b2f5-4e16-4ac5-9765-ed4550fd3b2b,Manufacturer-2344,Retailer-770,Truck,466.8,243.508
08d9aa0f-3308-4f24-8f3a-2e547b583e81,Manufacturer-1035,Retailer-770,Ship,345.3,1507.636
72b3c838-5e1a-4673-adde-d04c74200ece,Manufacturer-2344,Retailer-266,Airplane,723.7,1955.833
566ed27f-c393-4555-b136-75c97627c375,Manufacturer-1035,Retailer-770,Van,513.4,1955.932
7594d501-2936-4436-bb83-ebf659caac75,Manufacturer-2344,Retailer-332,Airplane,205.3,588.229
5b5f552c-88c2-4c21-af27-6d53f40a9a97,Manufacturer-2344,Retailer-009,Van,346.7,2336.198
d50f401d-bede-4d38-92a6-1652b730c323,Manufacturer-2344,Retailer-332,Ship,397.6,791.242
127793e0-1803-488e-b4ed-221c3623a06d,Manufacturer-1035,Retailer-266,Ship,460.8,962.092
c24de2dc-52b8-4eff-995b-d76f2caf826b,Manufacturer-1002,Retailer-009,Truck,176.8,2322.711
c5415585-d58d-4140-bc5d-f4eb95d50c93,Manufacturer-1035,Retailer-009,Airplane,219.9,1574.797
f4115c7b-cda3-4554-b038-4170243cb238,Manufacturer-2344,Retailer-332,Airplane,684.6,2414.889
864df427-5b6c-48fb-b95f-6b375d7dcab6,Manufacturer-2344,Retailer-009,Airplane,733.2,2325.368
9d64cd97-3dfe-4d4c-b55e-52633462cb16,Manufacturer-1002,Retailer-009,Airplane,150.9,1146.042
3c363b31-b595-48c0-86bc-3fc21b8bd97d,Manufacturer-2344,Retailer-770,Van,663.2,565.427
f49f3785-4f52-4443-902e-a89d008cd76b,Manufacturer-1035,Retailer-667,Airplane,454.8,1733.717
b6ad6f2f-c0bc-4874-b9bc-77e780de0929,Manufacturer-1002,Retailer-144,Airplane,498.7,1468.673
379aee54-596e-4def-93ba-cd03037edec1,Manufacturer-1035,Retailer-266,Van,737.7,885.364
7c0d48fa-c094-4042-8fb2-9f44448c2a60,Manufacturer-2344,Retailer-770,Airplane,487.6,1424.903
f0170b22-8557-451c-9297-8ad4cc65ed35,Manufacturer-1002,Retailer-770,Van,255.8,350.744
1efab377-45c4-457d-8efd-049904c425cf,Manufacturer-1035,Retailer-332,Truck,394.9,425.484
8ca3e91a-0cdb-482d-bcb9-44578f4227f5,Manufacturer-1002,Retailer-770,Truck,360.1,1077.622
0a6307e8-3c61-4363-be36-12aaa91286ed,Manufacturer-1002,Retailer-667,Ship,90.8,828.069
4c359e70-1239-4156-bfc0-9a024954936b,Manufacturer-1002,Retailer-332,Van,370.9,1697.242
6bca37eb-68f6-4284-9273-f9d844fd25f9,Manufacturer-1035,Retailer-770,Truck,407.4,491.674
b0412354-7cfd-445b-9efd-33e890c9f27e,Manufacturer-2344,Retailer-266,Airplane,560,1513.177
f3ef5107-f159-42bc-9212-51f393a42d5c,Manufacturer-1035,Retailer-770,Truck,79.6,470.992
ed64e7bc-0044-4dd5-9edd-160ae9e7386d,Manufacturer-2344,Retailer-266,Truck,386.4,443.902
629b9fc8-e86f-415f-ac41-9dfc7411a425,Manufacturer-1002,Retailer-144,Truck,322.6,2196.623
0893800f-2e19-4ee0-b552-f8aa1cbc4c38,Manufacturer-2344,Retailer-770,Van,626.3,757.533
9aef6bb1-2862-453c-b1e5-2b27e4d97282,Manufacturer-1002,Retailer-144,Ship,450.8,1050.226
0db16122-c0fa-451b-9dca-0aae499e222e,Manufacturer-1035,Retailer-332,Van,102.3,275.232
d33a42c4-e13b-46c2-b3b8-e42070638415,Manufacturer-1035,Retailer-770,Truck,175.7,2319.512
3578b6a5-3d92-4652-86b1-778170c6e996,Manufacturer-2344,Retailer-266,Ship,730.4,746.556
00dcd987-7cf5-4777-95ee-e8bafc7aeadd,Manufacturer-2344,Retailer-266,Van,273.5,214.186
923e3a1d-e516-4676-a5db-59ebae692d4c,Manufacturer-1002,Retailer-144,Truck,490.9,1330.823
ab7f2d63-266e-4bed-af92-2ec5881a4518,Manufacturer-2344,Retailer-332,Van,707.4,1288.433
54c7632e-16ef-4b04-be61-8af4385742af,Manufacturer-1035,Retailer-266,Truck,515.1,2073.998
d01db68c-54e6-4d6b-9fc4-33c1cb48655a,Manufacturer-1035,Retailer-770,Ship,315.4,873.22
3da92af1-d8c9-4b83-9e5f-279a5a636655,Manufacturer-1002,Retailer-770,Van,247.1,1822.305
5c29d776-b7ee-4778-93dc-8f28fe10c747,Manufacturer-1002,Retailer-770,Truck,172.8,2027.511
8188954c-1412-4a08-9902-c6b124e8bc04,Manufacturer-1002,Retailer-266,Truck,25.9,991.279
a6af5a2f-b8c9-4dc3-a0d8-868538472280,Manufacturer-1035,Retailer-009,Truck,292.6,2112.994
f46ca5de-c249-4a2c-8bf4-2df326317834,Manufacturer-2344,Retailer-667,Van,46.6,1293.816
0651f20f-81a4-436c-b36e-7c350dae74c1,Manufacturer-2344,Retailer-332,Ship,722.7,290.212
9ee92932-90fd-4321-afd4-3cb1b6aead0f,Manufacturer-1002,Retailer-332,Truck,503.4,617.99
c871f530-f80a-4ff0-b774-e7c16f7badc8,Manufacturer-1035,Retailer-009,Van,631.6,2238.332
b6ebac77-44a3-4956-b2fa-ce228ebff2b7,Manufacturer-1002,Retailer-266,Ship,558.4,1385.929
ea7789d3-d242-483b-972c-7558e18f608a,Manufacturer-1035,Retailer-667,Truck,318.8,1545.149
8a220683-3b01-4a50-bda5-edccdcffcf5b,Manufacturer-1035,Retailer-009,Airplane,513.6,997.976
d9f2b9c0-e87f-4c91-a48c-4632d9af8e17,Manufacturer-1002,Retailer-266,Ship,532.7,2333.629
a04bcf31-073d-4d59-a3bd-2e209ccc0147,Manufacturer-1035,Retailer-332,Ship,42.1,981.206
55bb281b-7cea-4171-8210-a1c35cf3941d,Manufacturer-1002,Retailer-009,Ship,250.1,1372.017
1b5ede1f-1a6b-470d-a9d6-e8db33032079,Manufacturer-2344,Retailer-266,Truck,593.4,282.52
4341a81b-e09e-4676-bdfb-6d171c850769,Manufacturer-2344,Retailer-770,Truck,725.2,841.316
06454e00-6f1c-43ef-9ebb-ecbbf40bec43,Manufacturer-2344,Retailer-144,Van,422.2,2329.776
6e30997e-a2b8-4699-9026-d8c276508a56,Manufacturer-1002,Retailer-009,Truck,536.1,1283.645
aa6a266b-a638-4982-a03e-879bf4d6059e,Manufacturer-2344,Retailer-266,Van,600,488.088
6368601f-c897-4125-81cb-a178a16160a0,Manufacturer-2344,Retailer-770,Van,325.1,2200.946
363829a3-09fb-49a0-8fa8-a03d14cf57d9,Manufacturer-1002,Retailer-009,Airplane,398.8,282.143
9e572410-8478-4115-8fda-ec4b5a6ba08a,Manufacturer-2344,Retailer-144,Ship,570,276.93
88ac9268-21c1-42ac-8651-55459488feae,Manufacturer-1002,Retailer-667,Ship,300.5,2282.457
26b7a6e0-d212-462e-85e9-3b1958e65976,Manufacturer-2344,Retailer-144,Van,609.8,2192.575
f5b5e616-d58c-43e2-bc79-df4777b09a04,Manufacturer-2344,Retailer-667,Truck,636.1,866.771
c8e48423-cd12-4138-af67-f668ee627e0b,Manufacturer-1035,Retailer-144,Van,398.7,1151.85
dc90eb28-9dff-4d8c-aef5-5e3815946b65,Manufacturer-2344,Retailer-332,Airplane,504.6,520.065
a40fea35-b751-4f31-8095-93c8365102c5,Manufacturer-2344,Retailer-332,Van,739.8,1239.27
c4f812dd-85ae-4cfb-a387-d6538c96b811,Manufacturer-2344,Retailer-332,Truck,321.8,300.817
df0639de-6446-4fb7-abfa-705d2e4e8534,Manufacturer-2344,Retailer-009,Van,334,1523.617
45da414c-0ae2-4d3e-b97e-68d30f76cd66,Manufacturer-2344,Retailer-667,Truck,143.2,1371.682
9a781dcf-d7d1-49fb-8bfc-3d98d772dcef,Manufacturer-2344,Retailer-667,Van,172.6,444.87
26a13c43-8a65-43ce-b552-047cd5c03644,Manufacturer-2344,Retailer-667,Airplane,518.2,2341.035
4141f4d2-aae7-4d7a-a92a-bcccc9f585fb,Manufacturer-1002,Retailer-667,Van,401,1495.333
410c3289-e3ef-4547-afff-0613583457e4,Manufacturer-1002,Retailer-332,Truck,70.5,576.084
27b8c137-afb2-47a2-9207-b830ec4ea0eb,Manufacturer-1035,Retailer-667,Truck,653.8,354.903
14140609-17ff-40ac-be08-445a189966b6,Manufacturer-2344,Retailer-770,Truck,384.1,1904.977
3d18249f-8ea6-4465-871b-760374eefed2,Manufacturer-1035,Retailer-770,Van,495.2,801.935
5a0b5a20-9dd9-4f32-88d0-bf69d0a2cb6a,Manufacturer-1035,Retailer-144,Truck,695.9,536.103
7b9a85d3-ad33-4935-bd6b-f6b08ac51b6e,Manufacturer-2344,Retailer-332,Ship,429,1991.414
c0f3f29f-2008-49a5-bb8d-4b321017db35,Manufacturer-2344,Retailer-009,Ship,483.4,1431.721
9bb56c4e-12cd-4135-bcc5-5603388328d7,Manufacturer-2344,Retailer-667,Ship,442.2,330.949
b34c2539-50e1-4702-b0d7-72ffcf9b76b4,Manufacturer-1002,Retailer-667,Van,290.1,2140.983
f7f267a6-0be2-4360-84a5-c28feca7dc0e,Manufacturer-2344,Retailer-144,Truck,669,2183.905
0a345cda-645d-46de-97cc-c7bfb021e48c,Manufacturer-1002,Retailer-332,Truck,260,893.011
58059e8f-6b19-450b-aa3e-9640440d1b91,Manufacturer-2344,Retailer-009,Van,87.6,1001.751
93b02e0e-04ce-4700-95af-5de772078b91,Manufacturer-1035,Retailer-770,Airplane,717.6,1496.909
fc21d213-a709-47f1-87e1-9b51016f407e,Manufacturer-2344,Retailer-667,Truck,277.5,1331.497
c353ec86-d8b2-4e8e-87bd-fb74c21b7f62,Manufacturer-1035,Retailer-144,Ship,251.3,1490.966
e30db413-2ae0-4d38-b073-f6ccdeea0d24,Manufacturer-2344,Retailer-266,Ship,68.8,1043.706
f0bfaef2-f139-4078-9f7a-ef6508a5e570,Manufacturer-1035,Retailer-667,Airplane,376.7,1413.137
5535a5b1-b88e-486a-bfbc-c5808f3048da,Manufacturer-1002,Retailer-144,Airplane,729.4,701.709
98befdd5-2b3b-4a1d-8b07-d2bc7717c625,Manufacturer-1002,Retailer-144,Ship,382.4,1479.515
e17739cb-39c0-4053-9b1a-743f234b436d,Manufacturer-2344,Retailer-144,Airplane,398.3,1360.635
2e7431bd-9547-401e-8db4-242fd43b2b1c,Manufacturer-1002,Retailer-332,Ship,592.4,1818.481
5114205d-e4cb-4548-a4ea-c60c25c91cc9,Manufacturer-1002,Retailer-009,Truck,314.5,2318.34
88a0b18f-b322-44e5-9966-39ab27ce5678,Manufacturer-2344,Retailer-009,Van,424.8,1098.927
4327d567-354e-4bac-95a9-52db24748e8e,Manufacturer-1002,Retailer-144,Airplane,208.6,1647.592
b368068f-70cb-408d-9cc5-24aebd6eac2f,Manufacturer-1002,Retailer-667,Truck,592.2,1218.54
c1885bf9-5400-4e24-9393-c82d65e83617,Manufacturer-2344,Retailer-266,Truck,665.2,223.193
e8bc54b7-9756-4859-9f57-b6b9f57371d5,Manufacturer-1035,Retailer-332,Ship,100.4,1037.692
1efd3d2b-edcf-44f3-9fc9-f8c1eed453f4,Manufacturer-1035,Retailer-144,Van,353.2,1137.132
c19251d6-87ee-4a7d-aa22-e2b1d3d2c302,Manufacturer-2344,Retailer-667,Airplane,381.9,895.15
d950fc8d-9950-4e78-a5f9-e1d802a24895,Manufacturer-1002,Retailer-266,Truck,517.6,1765.773
37a5adc0-e275-4262-bfda-b21d908c36bf,Manufacturer-1035,Retailer-266,Van,478.4,2294.264
42dc643f-9147-4dae-a13f-a2bafd691ab5,Manufacturer-1035,Retailer-144,Truck,352.6,679.73
9dafbb6d-7768-410d-84ff-36a3460f98bb,Manufacturer-1035,Retailer-009,Ship,435.3,2462.763
a94ae5bd-2543-4892-a880-471f6c71fd19,Manufacturer-1002,Retailer-332,Truck,110.7,826.293
40b3fb88-3ea0-4040-b5d9-785b94d08a40,Manufacturer-2344,Retailer-332,Airplane,242.3,409.819
e2a6010a-9133-40cd-bc7d-06f96fe28b67,Manufacturer-2344,Retailer-009,Van,393.7,1710.353
0f645b5a-bf55-4f13-9cb7-b1b4e37f1e9d,Manufacturer-1002,Retailer-332,Van,146.9,2301.311
649776bb-6607-4e38-b305-8147a741997b,Manufacturer-1035,Retailer-266,Van,457.9,889.932
87d480ee-68f3-4184-805c-8cbd4cf48ade,Manufacturer-1002,Retailer-332,Truck,101.6,2228.059
3da4b689-0be8-4e21-9aa9-ca74676bb751,Manufacturer-1002,Retailer-144,Airplane,550.3,484.597
04e9f204-5df5-41bc-b658-98d987e46dbd,Manufacturer-1035,Retailer-144,Ship,535,1973.048
64491ef6-dceb-4d57-bed0-443aec33d631,Manufacturer-1035,Retailer-770,Truck,491.5,1229.217
a83cb0d3-2fd7-465e-b98b-a10d6784bd77,Manufacturer-1035,Retailer-144,Van,146.1,454.364
af9294b0-3bb9-4004-b723-9b26bca063f6,Manufacturer-1035,Retailer-266,Van,716.6,254.954
612ca654-57ff-40d6-9e6c-39f7da1fbe79,Manufacturer-1035,Retailer-009,Airplane,300.7,2272.426
7c22fc85-ced2-4aa1-91cd-5b3421336298,Manufacturer-1035,Retailer-770,Truck,151.6,274.753
6efc31e2-862e-4758-a4f7-80818ca57733,Manufacturer-1035,Retailer-009,Van,522.5,353.577
eb655aef-4489-4cb1-b492-0a5f5e8cf40e,Manufacturer-2344,Retailer-770,Truck,701.2,1754.821
1e3618e2-a745-44b4-8a8e-ad6d04a8b2cb,Manufacturer-1002,Retailer-332,Truck,587.6,391.483
e936df9b-3c85-4fe0-aadd-831f7089fa12,Manufacturer-1035,Retailer-332,Airplane,163.7,1091.928
85fe021b-eeec-4cfc-bf4b-cdda8b5b173a,Manufacturer-1035,Retailer-009,Ship,111.8,1523.826
5f93ab10-dd60-495a-99b3-2d840954c9c0,Manufacturer-1035,Retailer-770,Ship,622.6,1757.114
f44f9188-5be9-490d-88b8-1c2044878237,Manufacturer-2344,Retailer-332,Ship,92.4,2229.279
f9f3be2c-11c8-449a-914e-c006a6a1aa30,Manufacturer-2344,Retailer-667,Truck,401.8,2264.085
33dab27d-9f5f-4fb8-b36d-bc0f6a17e7e6,Manufacturer-2344,Retailer-009,Airplane,265.3,2373.088
3495282c-16ee-4a75-957d-d3bc59e6d06f,Manufacturer-1035,Retailer-009,Ship,360.8,978.977
fcecc0a0-e356-4c68-bad2-1c7e1d885bac,Manufacturer-2344,Retailer-266,Truck,492.2,875.472
53ad2b06-53ea-430b-b10d-dbf6e5b7f380,Manufacturer-1002,Retailer-667,Airplane,548.6,488.484
09c02618-5c9c-4e76-a166-c3165a4bcf36,Manufacturer-2344,Retailer-144,Truck,504.2,390.56
5a7be13b-85a8-4727-89ac-74561de75d1c,Manufacturer-2344,Retailer-266,Van,662.6,1928.277
f7ee6938-75a8-4f15-82e0-c8e936a169b0,Manufacturer-1002,Retailer-266,Truck,746.3,1276.62
dc8088f4-f46a-40db-9ab1-7564602a954c,Manufacturer-2344,Retailer-266,Ship,176,1518.401
62ff014e-206d-4b56-92e8-59975d2d2c87,Manufacturer-2344,Retailer-667,Ship,363.3,1845.814
b930178f-c166-480b-8835-fad42a20a585,Manufacturer-1035,Retailer-770,Airplane,274.7,1010.931
0b30bbee-4cd9-4ae1-92da-48d7851804ec,Manufacturer-1002,Retailer-332,Ship,247.8,981.96
f6ee4791-1695-43b2-93c8-3f89605118db,Manufacturer-1035,Retailer-770,Ship,141.9,539.668
dae976d2-f8f8-415b-8d8e-f7cdf416e72e,Manufacturer-1035,Retailer-667,Airplane,233.3,804.25
6bb3bfbd-6198-4d1d-a9b5-f89f5d85e327,Manufacturer-2344,Retailer-332,Van,713.2,1024.955
08110b07-b860-42eb-8e6a-dc3936d8020e,Manufacturer-2344,Retailer-009,Ship,741.1,331.115
075d4cfc-17b3-4222-8078-829283987a3f,Manufacturer-1002,Retailer-266,Ship,47.9,2452.958
64695de9-9d46-4f8d-8dcd-888adc39ae94,Manufacturer-1002,Retailer-266,Airplane,39,1957.541
8924cfdf-e4c6-4641-9a04-879e306f7f44,Manufacturer-1002,Retailer-144,Airplane,132.7,1094.279
6436da48-1d34-4a23-901f-0110014ab6b2,Manufacturer-1035,Retailer-144,Ship,628.7,407.619
3c96d950-659d-4869-95cd-583885840646,Manufacturer-1002,Retailer-266,Airplane,201.2,1630.689
b424505a-eb8a-4851-af5c-5e757b09287f,Manufacturer-1035,Retailer-770,Van,312,819.922
97bb662a-511e-4622-87c5-c93d6c7b297f,Manufacturer-2344,Retailer-266,Airplane,647.4,925.741
79ade907-5f40-43a1-b964-95d33b6dfd66,Manufacturer-1002,Retailer-009,Truck,656.1,2156.759
17ddf66d-c333-405d-bfb6-5acb285d23f6,Manufacturer-2344,Retailer-266,Van,468.5,1196.989
44e790fe-453c-4b9b-9df1-39195ca5ec63,Manufacturer-1002,Retailer-009,Truck,303.4,2098.525
5bf1c6b6-6b71-42fd-944a-d5da0fc1fc72,Manufacturer-1002,Retailer-009,Truck,667.6,1681.843
330b37b2-d70d-44e3-88b9-986baada6e12,Manufacturer-2344,Retailer-009,Airplane,572.6,1583.721
891e6a05-7671-4838-aec0-a177698f48ea,Manufacturer-1035,Retailer-770,Ship,228.6,460.019
b7e3b399-3e0e-4b55-b938-ab7af76a8b38,Manufacturer-2344,Retailer-266,Van,378.8,2024.899
4c62b887-bb82-436f-95d3-4d4686421645,Manufacturer-2344,Retailer-009,Truck,576.9,2016.41
25c5fd5d-ea09-4a57-825e-82ce07c93e6b,Manufacturer-1002,Retailer-266,Ship,406.6,2092.389
495f1fbb-ba8c-4e57-b364-eb95a0cd9bbf,Manufacturer-1035,Retailer-144,Ship,323.8,1190.457
5ecaaff6-1725-453b-8803-0f037146714b,Manufacturer-1035,Retailer-332,Airplane,305.5,1141.186
e7aa6cdc-7a92-4536-8790-507616c2387a,Manufacturer-1002,Retailer-770,Airplane,48.1,781.676
8181f41e-df13-47c2-a591-d4134a838eda,Manufacturer-1035,Retailer-332,Ship,726.7,504.264
5aa467c5-51a8-44e1-abf6-3593edcf63c7,Manufacturer-1035,Retailer-332,Airplane,626,1302.162
37caba1e-f74c-4044-9318-3bea4808be95,Manufacturer-2344,Retailer-667,Truck,273.2,1425.613
951b58b2-868c-4a5c-b4c2-504807885ef3,Manufacturer-1035,Retailer-266,Airplane,417,1611.748
c9d1642f-26df-42e1-9f82-22ddacc5ae3f,Manufacturer-1035,Retailer-667,Van,558.1,1471.558
5b0f32c3-284c-4ff7-bd51-6010109b1f40,Manufacturer-1035,Retailer-332,Van,197.2,1537.403
375a315d-2b88-4cee-a967-03336222f033,Manufacturer-2344,Retailer-144,Ship,691.2,667.31
b92302a3-7f3a-4a18-91e8-c0660215fd3d,Manufacturer-1035,Retailer-144,Truck,67.4,2219.011
4eb4d912-af7a-43f6-a093-a0a7c39b4c0f,Manufacturer-1002,Retailer-266,Ship,470.7,1659.077
b408ab07-b2e6-42e8-a5df-65f2f3c2f030,Manufacturer-1035,Retailer-009,Van,127.7,267.18
da2cdf4c-8290-4207-bee5-b422fa992df1,Manufacturer-1035,Retailer-770,Airplane,298.9,1905.392
d8cad1d8-3a3f-4321-9978-c6b934827557,Manufacturer-1002,Retailer-144,Ship,625.6,2058.005
99e6575e-25a7-4cc6-9b66-9e2099f30661,Manufacturer-1035,Retailer-144,Ship,327.4,821.313
79e00e7d-cccd-45d8-89f7-110e7618a34c,Manufacturer-1002,Retailer-332,Ship,365.7,2063.691
91b37ebb-cf7e-4571-8e82-2ac763b27d81,Manufacturer-1035,Retailer-667,Airplane,178.4,2398.352
4e4e0873-4eb6-49b9-8703-724681b927bc,Manufacturer-1035,Retailer-667,Truck,165.9,763.851
85fe6184-8130-4d68-803a-2f6448c8a45e,Manufacturer-1002,Retailer-009,Van,601.8,301.01
b523c114-c25d-46ae-b56e-32851a383936,Manufacturer-1002,Retailer-266,Ship,577.4,607.693
c916b0e0-71d2-4059-b5de-22fe750c2297,Manufacturer-2344,Retailer-770,Airplane,157.8,2437.406
f435ef14-0c31-4fae-b348-1c0ed2b35a07,Manufacturer-1002,Retailer-266,Truck,179.5,649.582
fb612a73-39ce-42a5-9b6c-d59c4ceb2c5d,Manufacturer-2344,Retailer-332,Van,173,1661.058
45b1378a-6f56-4028-8054-c7080a624d7d,Manufacturer-2344,Retailer-332,Truck,214.6,1769.531
30075977-1adf-4056-aba9-a0f313a8d005,Manufacturer-1035,Retailer-332,Ship,132.7,462.71
825378f8-1859-4fd5-b11a-b08059ff5168,Manufacturer-2344,Retailer-332,Van,456.6,876.634
c4b4afa6-9c0d-4d0f-ad15-3d789740f2e2,Manufacturer-1035,Retailer-770,Van,664.8,420.887
a46135c0-ca2e-4838-8e6c-ad9bb611c073,Manufacturer-1035,Retailer-266,Truck,639.6,1378.713
b1fe778b-3803-4793-97e0-f2851f38a942,Manufacturer-1002,Retailer-144,Airplane,696.3,1551.77
c803316b-6445-4f4e-8a0e-d4d0bdaceda9,Manufacturer-1002,Retailer-266,Truck,431.6,2233.912
43dd0e9a-a564-44bb-9719-e3ff11a1bad3,Manufacturer-1002,Retailer-009,Van,202.9,1771.735
56b4617b-5bbd-4727-b41d-ce0831edb43a,Manufacturer-1002,Retailer-770,Airplane,183,1420.858
b76e911c-a45e-405b-ac22-5f795ea79c54,Manufacturer-1035,Retailer-667,Truck,306.7,2183.701
b1ae1bac-caf8-4398-bb8a-265aa509a9f9,Manufacturer-1002,Retailer-144,Truck,461.3,2247.691
24622976-b262-41bd-946b-fdb7e695f508,Manufacturer-2344,Retailer-144,Airplane,142.4,1470.085
431ff1cb-2621-4d4d-8e63-633aee6703cd,Manufacturer-1002,Retailer-332,Airplane,487.2,1547.348
f298299c-478e-442f-a81a-b635792bd840,Manufacturer-1035,Retailer-009,Van,480.4,1293.413
bf3db85d-f631-4d60-926c-90a87b0df060,Manufacturer-1002,Retailer-009,Airplane,104.1,1881.232
e30d62b9-26c6-4a91-adb4-0e6fa1113dec,Manufacturer-1002,Retailer-332,Van,374.5,1818.648
3e4d9f95-bc32-446f-9d41-611202c3a84c,Manufacturer-1035,Retailer-770,Truck,615.1,2214.722
dce65175-8554-4a92-989a-e43e19dc3681,Manufacturer-2344,Retailer-667,Van,477,2488.649
0b1ab059-2782-4fff-bdbe-d01cc636521a,Manufacturer-2344,Retailer-332,Truck,207.3,1877.288
56bf7e70-7654-4013-8e30-46334fd939d9,Manufacturer-1035,Retailer-770,Ship,376,1318.056
43ac16f4-ad9b-4bb2-9337-e9292d4ac1b6,Manufacturer-1002,Retailer-144,Ship,80.1,255.1
f707f1f0-c8eb-458e-8533-3e6359f0c79f,Manufacturer-1002,Retailer-144,Truck,449.7,2153.873
1dbe4957-56e1-49cc-957e-1f0e4538d795,Manufacturer-2344,Retailer-009,Ship,515.9,926.331
435078c3-8e2b-4864-82a6-ddf2f53b1b91,Manufacturer-1035,Retailer-770,Truck,505.5,1070.424
bf275fc6-f333-4e30-a748-9770563ec771,Manufacturer-1035,Retailer-009,Van,552.8,1355.262
c852f977-dc01-47ea-80e3-4bf0ed87fb08,Manufacturer-1002,Retailer-009,Truck,322.3,837.419
069d2c3b-70eb-4ee0-8b2b-36af17a53991,Manufacturer-1035,Retailer-144,Airplane,261.5,2466.392
56f9247f-5c39-4ec6-bd42-fb804e5deb05,Manufacturer-1002,Retailer-009,Airplane,96.6,1366.774
ef8e7ad3-f344-4465-b1af-c6e8f277919f,Manufacturer-1002,Retailer-144,Van,483.3,1476.309
f449698d-2b78-4c68-8d84-4c30561ec1aa,Manufacturer-1035,Retailer-770,Airplane,46.3,1257.939
612b0083-b8fd-4a13-bb33-2f27a07d46e3,Manufacturer-2344,Retailer-266,Truck,493.5,1771.779
128ca4fc-a326-4155-85a1-afcbc8b88d1f,Manufacturer-1002,Retailer-144,Airplane,723.9,385.783
68b66fac-367e-4183-9137-38248d13eb12,Manufacturer-1002,Retailer-144,Van,173.5,1233.753
3535ecdd-2740-4351-8a1e-e8d207e1bf4d,Manufacturer-1035,Retailer-770,Airplane,547.4,2069.02
d6795ae6-93fb-41f6-8338-d275fff13151,Manufacturer-1002,Retailer-144,Airplane,217.3,2057.449
7e81b794-40f4-47c5-b022-7e973734092a,Manufacturer-2344,Retailer-266,Truck,333.1,2493.19
6f0a1650-766e-4a59-9951-77064cf67438,Manufacturer-1002,Retailer-266,Truck,423.9,2076.932
1118a25c-0849-425e-bf0d-3d0ecbe8a30b,Manufacturer-1035,Retailer-009,Ship,253.9,1171.961
70d9d2f9-2d00-45f2-9513-7ae3fcbfd35d,Manufacturer-1035,Retailer-144,Truck,52.5,1230.092
a5e50880-8b11-4bd0-bb20-902e38520b9a,Manufacturer-1002,Retailer-332,Airplane,552.6,1046.217
4c51f34a-c7f9-4c85-88aa-d0e34926c886,Manufacturer-2344,Retailer-667,Truck,335.6,807.451
510146c2-7299-4313-b867-fb8db4ca80fa,Manufacturer-1002,Retailer-770,Truck,698,1948.718
402c02f1-5576-4dc6-b7a4-31ffad418565,Manufacturer-2344,Retailer-332,Ship,620.5,2354.798
aee997a8-4b99-42c1-9df8-058d9d93b33f,Manufacturer-1002,Retailer-266,Ship,181.8,2343.718
594a23c4-b495-49b5-9b43-87f2ce5da253,Manufacturer-2344,Retailer-332,Ship,158.1,1744.252
1c8a0e38-7088-4b6d-9341-1b70b62ecf7a,Manufacturer-1002,Retailer-144,Airplane,337.5,1184.124
5c8298e8-a4c4-4b28-96e8-b52c2f1e89c6,Manufacturer-1035,Retailer-266,Ship,660.2,1010.231
5c667f9e-41dd-48c0-8fb7-d217dc5e62c5,Manufacturer-1035,Retailer-770,Van,564.6,930.441
13452297-8cf4-4022-8a1f-d50449ec1546,Manufacturer-1035,Retailer-266,Ship,293.9,2472.622
0673c781-8916-46ef-9b52-4f3d3e20f32e,Manufacturer-1002,Retailer-009,Ship,112.7,584.712
e9f5d520-f536-4766-a009-349c07fc9336,Manufacturer-1002,Retailer-332,Truck,482.1,1782.729
d7f586f5-2e2e-4505-ae25-4263aa7a0875,Manufacturer-1002,Retailer-332,Van,691,232.023
2694dfe3-fea4-4d4a-b949-8b78fdb50e02,Manufacturer-1035,Retailer-266,Ship,30.9,1756.985
0a0184fa-0f64-41ad-b026-f0b7d6878a06,Manufacturer-1002,Retailer-332,Airplane,663.7,1765.773
7d3970da-f5f9-466f-8b06-7a227c88b4b0,Manufacturer-1035,Retailer-667,Ship,746.7,1915.222
fbe29269-1fc1-48f6-9be1-c7ebee445cf0,Manufacturer-1035,Retailer-770,Ship,590.7,1780.323
87a7312e-445d-4f99-a58e-2cf50b4d1c8c,Manufacturer-1035,Retailer-144,Van,65.3,1979.125
4cbd8dc8-1545-4276-a0a1-768225714466,Manufacturer-1002,Retailer-009,Van,74,1940.8
e9e2b033-61dc-4372-bb89-3175ae273f59,Manufacturer-2344,Retailer-770,Ship,419.2,655.177
f69b0241-fb1d-4e89-8f22-8346c82f5e01,Manufacturer-1035,Retailer-332,Truck,61.8,1186.171
7fcc9978-b470-4c8e-a5d4-b355caec0c8f,Manufacturer-1002,Retailer-770,Airplane,116.3,806.851
61a5123b-e81f-405f-9303-455e0426d5db,Manufacturer-2344,Retailer-770,Ship,716.3,758.514
1014a578-9e4f-4c38-8deb-8277dec507a0,Manufacturer-1002,Retailer-667,Van,642.1,588.442
93540932-e8ec-4437-9668-1f2756fee66d,Manufacturer-1002,Retailer-009,Airplane,731.5,201.483
ea0798fb-1ec1-48c0-b5df-a83d7f6b613d,Manufacturer-1002,Retailer-667,Truck,150,1140.207
72b6325f-c870-4cda-bf6d-a75ad8bc8cf6,Manufacturer-1002,Retailer-332,Airplane,78.8,584.566
34219b8c-6316-42db-bce7-8c95ce15e874,Manufacturer-1035,Retailer-144,Airplane,629,629.861
e72cf748-6459-492c-a42a-56dd2ab8ee17,Manufacturer-2344,Retailer-667,Van,746.4,944.964
7ef71dca-48d1-46f7-9f90-8f4b521fd15c,Manufacturer-1035,Retailer-144,Van,222.5,204.918
978de7e9-fea1-4f92-bc3c-e329880385a2,Manufacturer-1035,Retailer-009,Van,578.1,990.674
5627a974-ae52-4ad4-97df-5152714200a6,Manufacturer-1035,Retailer-009,Ship,314.1,1063.789
f4c39d6f-c95f-4976-93fc-d7403765c3a6,Manufacturer-1035,Retailer-266,Ship,305.2,1980.598
643c73d1-82a7-44d2-ab2b-cb7ec826b7db,Manufacturer-1002,Retailer-770,Van,363.5,755.56
49de5e6e-c083-41f6-ab6e-5aad1322f66f,Manufacturer-1002,Retailer-266,Ship,254.2,2284.95
5217b532-bcc6-418d-95d0-3775f76ae6d5,Manufacturer-2344,Retailer-667,Ship,422.9,2141.731
5d864460-bc1e-4892-a01d-f51d56d8b46f,Manufacturer-1002,Retailer-144,Van,489.1,303.757
1d17d0f9-fe2a-463f-bf2f-de40ae991aa3,Manufacturer-1035,Retailer-770,Ship,699.2,733.138
8c53a6e5-1b3e-48d4-87eb-a579f0cf5200,Manufacturer-2344,Retailer-770,Airplane,24.2,2035.093
f3e843d9-8ad6-4210-9d91-e8f1fefb46ea,Manufacturer-1002,Retailer-332,Van,338.7,1043.389
98963f74-7d49-4156-a197-8e100828f17c,Manufacturer-1002,Retailer-332,Ship,87.9,492.594
c3b4a629-4070-4a19-a5d3-956c379ac316,Manufacturer-2344,Retailer-009,Ship,55.7,1775.96
86235c3a-761a-4030-b389-cdbee1bd1e69,Manufacturer-1002,Retailer-332,Van,450.5,1154.581
eb1cbf0b-5471-4c90-b7e7-6474b6e3e7f2,Manufacturer-2344,Retailer-144,Truck,129.4,478.359
d794d8be-6dd7-487a-a0a7-c56689ab6f28,Manufacturer-1035,Retailer-009,Van,147.8,252.917
d73def04-d633-4487-a175-81f710934fd9,Manufacturer-2344,Retailer-667,Airplane,264.4,258.812
19dd8861-1c06-4003-ba05-9280f3b05a20,Manufacturer-2344,Retailer-266,Ship,607.9,208.187
1a76b971-ee82-41fb-9513-66ac68007a2b,Manufacturer-1035,Retailer-144,Airplane,703.6,2461.077
60219642-3c7c-4cc1-a462-31e14ce1d306,Manufacturer-1035,Retailer-770,Truck,97.4,2397.791
7e0d5f7e-47ea-4016-8f81-93de5b67d389,Manufacturer-2344,Retailer-770,Ship,427.2,1072.931
f95a3e4f-c794-4607-b5a0-3c8d96aa68f2,Manufacturer-1035,Retailer-770,Airplane,526.5,1279.913
d4bad208-7c87-4e74-af46-d3533545166e,Manufacturer-1035,Retailer-266,Truck,122.3,1151.9
6e93f2d7-6598-4658-aa44-368e5ac12ffe,Manufacturer-1035,Retailer-667,Truck,500.3,2400.286
a1ef5f43-058f-4fc2-936e-3328ddabfc3b,Manufacturer-1035,Retailer-667,Van,115.3,1313.838
52e36930-95c9-43eb-9bf3-901f0e8d12d8,Manufacturer-1002,Retailer-144,Truck,242.4,1954.074
d35df95e-6d1c-4e0a-980c-e5a8e6c311b1,Manufacturer-1035,Retailer-266,Van,460,713.873
db9080b8-70fe-4266-ba7f-5216a1d7c63e,Manufacturer-1035,Retailer-667,Truck,348.8,880.928
8e579003-4ddc-4d29-b307-ae478c2913df,Manufacturer-1002,Retailer-266,Truck,593.9,1177.699
2494a33a-ad6d-4d9c-b09a-60883aa6f7f4,Manufacturer-1035,Retailer-009,Truck,720.5,1430.554
9216b35a-3286-45f4-bed9-8b5a7e92aa84,Manufacturer-2344,Retailer-144,Truck,432.6,316.816
2a5bfbd4-0ceb-4568-9e91-de1f0342fa3a,Manufacturer-1002,Retailer-144,Truck,350.3,1093.851
ee1dfe96-dcaa-4c46-b0af-1b2f77cf3782,Manufacturer-2344,Retailer-667,Airplane,195.7,2251.864
c58d1742-b08c-42c9-adbb-1ae7dbfb85b6,Manufacturer-1035,Retailer-266,Van,560.1,2447.098
f0aaa5b9-3973-4097-86c0-cf865f1a4ba2,Manufacturer-2344,Retailer-770,Van,138.8,2094.737
6f7d6398-cb57-4220-ad61-c7667f7c9dec,Manufacturer-1035,Retailer-667,Ship,614.8,540.011
8f95efcd-6c41-4e55-9cfc-c8284ca050af,Manufacturer-2344,Retailer-009,Truck,612.4,266.499
d8529a2d-3bad-40ff-b943-11f301759117,Manufacturer-2344,Retailer-667,Ship,732.8,624.504
dd444009-a345-463a-b7e4-f8bdc47314a9,Manufacturer-1035,Retailer-009,Ship,151.4,1611.228
7384b3dc-740c-4fa7-ac4e-a0934ca89d7d,Manufacturer-2344,Retailer-266,Airplane,728,2283.963
2e4b6544-4d3e-44c3-997c-3663e829aaae,Manufacturer-2344,Retailer-009,Ship,178.9,2274.091
3acf8a14-0e42-480d-834a-35075dd721c6,Manufacturer-2344,Retailer-266,Truck,686.8,449.252
6fc6fe48-f720-4438-81a2-59fe872d6bec,Manufacturer-1035,Retailer-144,Ship,334.5,1104.524
af388f73-01e8-4b64-ace8-8c0117a28558,Manufacturer-2344,Retailer-144,Truck,222.9,268.107
ffe3a2d1-0d1a-4772-a476-81199d118278,Manufacturer-2344,Retailer-667,Airplane,292,1362.354
2bd7cc8b-561c-424c-bafe-28c002130781,Manufacturer-1002,Retailer-009,Airplane,541.3,2134.195
e7569d8c-3522-453e-b1e9-a843de04eefc,Manufacturer-1035,Retailer-266,Ship,105.3,2296.844
9d94f641-1d29-43fc-913e-869db5baa453,Manufacturer-1035,Retailer-667,Ship,212.2,1849.368
19262849-c622-4dbe-9618-04611e715e1c,Manufacturer-2344,Retailer-266,Truck,442.5,1853.278
53d61c68-d4a2-4ce4-8f34-8a48a2e13160,Manufacturer-2344,Retailer-667,Ship,47.1,1553.29
1c45a11c-7eec-408d-8e71-de542872cc5b,Manufacturer-1035,Retailer-144,Ship,423.1,1521.117
ffa6376a-7a92-4eec-bb06-7c20bee5c107,Manufacturer-2344,Retailer-667,Ship,638.6,2438.653
b4fcce06-1107-4183-b8b1-f3dd5eb70659,Manufacturer-1002,Retailer-667,Van,448.8,2170.632
9043ef19-1616-43e6-a270-8407f0f7c41a,Manufacturer-1002,Retailer-770,Ship,653,1500.811
4397f4d2-f2b8-49eb-819e-a668797ea12e,Manufacturer-2344,Retailer-144,Van,549.4,1846.502
43bdd462-bbf8-4c8d-9edd-267af26be094,Manufacturer-1002,Retailer-332,Truck,645.9,517.533
ca88f7ff-77d7-48bb-850d-72a1291573a5,Manufacturer-1035,Retailer-144,Ship,655.4,1877.866
e026f9fa-ea97-44ac-b73a-6c2b0a1b6c8e,Manufacturer-1002,Retailer-332,Airplane,553.7,1155.316
a904bfdc-5243-4819-9aef-c54c4a4785f0,Manufacturer-2344,Retailer-144,Airplane,680.1,874.187
47b23f38-e97b-4d10-9dbb-478a0c6a8661,Manufacturer-1002,Retailer-009,Ship,501,2395.588
14a8568a-920e-4128-9982-e991fb96e75c,Manufacturer-2344,Retailer-667,Ship,45.4,1879.935
4327c9fe-6ff0-418c-b8ae-5e84e24d3a0d,Manufacturer-1035,Retailer-144,Ship,536.2,2183.147
b938a281-b61b-46de-ae87-1119bd624003,Manufacturer-2344,Retailer-770,Van,555,544.759
e874d3c2-21c6-4f18-8a5c-7b754bfc1780,Manufacturer-2344,Retailer-667,Ship,163.4,960.591
fec9669d-7d03-42f0-b0fa-08530a8d4808,Manufacturer-2344,Retailer-009,Ship,50,1103.982
4931a68f-5b94-4243-b464-62a9d25134a0,Manufacturer-2344,Retailer-266,Truck,583,382.514
c20117e3-63dc-4e60-b355-e24fdeb1fac2,Manufacturer-1035,Retailer-332,Van,654.1,2043.792
7b64dbc7-cba0-4a7b-85b2-bfbad35781ee,Manufacturer-2344,Retailer-332,Truck,292.3,1679.125
a2c34353-99e7-4383-b8c6-903e3cf3a3b8,Manufacturer-1002,Retailer-667,Truck,102.1,907.356
aec9808c-94be-454c-8728-1d6c151c42e9,Manufacturer-1035,Retailer-332,Ship,421.4,660.54
e620b22d-1ced-4206-a33b-26e9c43eea2a,Manufacturer-2344,Retailer-144,Van,94.8,751.483
79cdbf1b-47ef-44a2-8405-36db7d0e825c,Manufacturer-2344,Retailer-770,Airplane,544.5,2063.554
ca01d6cc-8583-43fb-b581-f215336f4060,Manufacturer-2344,Retailer-770,Van,186.2,807.335
43bf4da4-3d77-499b-baf8-8bd4dae92826,Manufacturer-2344,Retailer-667,Van,457.2,1453.731
ca0b70df-40ca-40c2-9643-a8b65f162147,Manufacturer-2344,Retailer-144,Van,571.6,250.798
b1b2b555-bd2a-4f62-866a-95073905a677,Manufacturer-2344,Retailer-332,Truck,318.8,2415.42
43e166e5-2148-4710-9158-4f53042e5506,Manufacturer-2344,Retailer-266,Airplane,735.8,1642.003
d4423b0e-b88e-4296-bcde-d8b1b0d5fb69,Manufacturer-1035,Retailer-144,Ship,448.2,1016.614
99353a50-7bdf-4c00-8732-f6f583cdc16a,Manufacturer-2344,Retailer-667,Truck,364.1,635.138
ee172ed7-9a65-4590-83fc-34538019d024,Manufacturer-1002,Retailer-266,Truck,354.5,334.329
313d172c-3297-4a1d-ab82-add134939cd6,Manufacturer-1002,Retailer-667,Airplane,49.4,1108.439
8ba645e9-d26e-4aa8-98aa-4303667f1ece,Manufacturer-1002,Retailer-144,Van,461.8,952.116
555ac6e3-de3f-4716-a98f-534fa0a64d00,Manufacturer-1035,Retailer-667,Airplane,713,2424.142
ffbbc152-0485-4c72-bee7-37ed0112ab09,Manufacturer-1002,Retailer-009,Van,268.5,2137.983
7a7b5ecd-6758-442b-91af-38886f33ecaf,Manufacturer-1035,Retailer-667,Ship,355.8,1669.503
e104a02b-93ca-48c4-ba8b-fa443947b184,Manufacturer-2344,Retailer-009,Ship,592.8,237.084
8342819b-a8b2-420c-bc29-b8ba7e2f1fc3,Manufacturer-1002,Retailer-266,Van,54.3,492.178
1f60cd89-24f2-4f76-89d7-8d0b5ccaa201,Manufacturer-2344,Retailer-770,Ship,53.5,1685.151
8c2673d3-f7d2-48de-95e6-bdb217221025,Manufacturer-1035,Retailer-667,Ship,239.7,1111.366
a9b11098-5838-402c-b3c3-62468ce6d52b,Manufacturer-1035,Retailer-770,Airplane,364.9,1015.543
528e075d-12d0-4c46-aa2f-becb39733189,Manufacturer-1002,Retailer-667,Truck,64.3,2398.373
d48c7040-9680-4894-90c8-307e0e508b88,Manufacturer-2344,Retailer-667,Van,206.2,1201.918
5229cb97-a854-46f8-bc94-a07b5b6509a4,Manufacturer-1002,Retailer-770,Airplane,422.1,1962.916
2863bc73-76f4-45e8-a68e-a1b19c3c7ad0,Manufacturer-1035,Retailer-266,Truck,303.3,385.718
7f0097b6-11fc-4f7c-92b2-2cd7db417215,Manufacturer-2344,Retailer-770,Ship,256,877.502
7d79583a-2fdb-46c8-a678-530e519cd68e,Manufacturer-1002,Retailer-770,Airplane,250.7,1362.71
6e534728-6cf2-424a-84ef-1ecca2c12058,Manufacturer-2344,Retailer-332,Truck,456.1,648.563
c9caea65-613b-4af3-b06b-819153682eb5,Manufacturer-2344,Retailer-144,Truck,326.7,315.61
d7f6000f-ced8-43aa-89a7-2b5f34a7bcb9,Manufacturer-1035,Retailer-667,Truck,194.7,1786.045
5c6d2719-678c-4db2-bada-ab8e8a924638,Manufacturer-2344,Retailer-667,Truck,276.4,920.807
5912242b-efd1-4cca-89d0-d2ad4777c32f,Manufacturer-1002,Retailer-770,Truck,252.3,1153.667
0a09eec5-4e3c-419c-953f-c4234bd59f34,Manufacturer-2344,Retailer-009,Truck,527.8,1440.661
28797db0-5f07-4197-ad5a-9b9e42ac13a6,Manufacturer-1035,Retailer-332,Airplane,521.7,1555.06
be3d4892-3c72-4cc0-adcf-fc2dc01b77cf,Manufacturer-1002,Retailer-144,Truck,392.1,1613.446
647851ff-b215-4a3e-8adb-9d30dca957f0,Manufacturer-1002,Retailer-266,Ship,326.9,2183.573
64c12638-ff1c-4afe-a5e9-caf9332e027d,Manufacturer-1002,Retailer-266,Truck,718.2,2386.143
b6456d80-0b77-4011-ad91-f98ecad2cb3b,Manufacturer-1035,Retailer-144,Ship,697.5,1741.952
b73e4dcf-ce61-45df-ab77-3a08a1140dbc,Manufacturer-2344,Retailer-144,Airplane,264.5,1506.749
17eda95b-39f0-4eba-9741-00cd588e671b,Manufacturer-2344,Retailer-770,Van,695.4,2020.674
610e1bc7-803d-49ec-bfcd-08db1169516d,Manufacturer-1002,Retailer-332,Airplane,389.4,2373.231
a71e5510-30e6-4aa1-bce0-a9d87c0ce601,Manufacturer-2344,Retailer-266,Truck,285.8,1533.176
66f7e907-5ce1-4533-bf78-e5f3e13b9b06,Manufacturer-1035,Retailer-144,Airplane,353.7,1340.055
bc6b0afe-ea1e-4127-8db7-f905817ebcde,Manufacturer-2344,Retailer-667,Airplane,120.8,1824.2
a189ab9a-c883-4f3e-9043-ec091c02e8e0,Manufacturer-1035,Retailer-332,Airplane,111.6,755.658
d980c17c-2801-4573-a0a7-9d75b19e8d42,Manufacturer-2344,Retailer-009,Airplane,141.5,2401.368
aa4b470e-8532-4734-b791-ca7688b7827b,Manufacturer-1002,Retailer-770,Airplane,480.1,1615.6
7756255e-5c5a-4fd5-9522-debc2b3cf192,Manufacturer-1035,Retailer-144,Van,241.8,1339.15
b8df9262-bc67-41f2-979d-893bbed74552,Manufacturer-1002,Retailer-144,Ship,488.2,1365.613
0d450441-309b-4bc8-809d-1017d0c5a359,Manufacturer-1002,Retailer-144,Ship,669.8,596.896
d32dd5cc-5ba2-4370-9848-431f02217806,Manufacturer-2344,Retailer-144,Airplane,133.2,200.372
451e3fed-b04f-441c-a5b5-a8f2bf88b188,Manufacturer-2344,Retailer-144,Van,166.8,2014.746
c11c361d-4a3b-4324-8e3c-59fd1c775d21,Manufacturer-2344,Retailer-266,Truck,703.8,1276.842
5345ff10-be7d-410e-89e1-ff84b460d9ce,Manufacturer-1002,Retailer-332,Van,458,2203.365
5c4d649b-b829-49ed-9c10-06e503b8d902,Manufacturer-1002,Retailer-266,Ship,192.6,1079.222
e1113122-feae-4ccb-8b2a-4ee534a96330,Manufacturer-1002,Retailer-009,Truck,640.3,891.461
d7e5a1be-e881-40cf-9531-bcc040eedf96,Manufacturer-1002,Retailer-009,Van,666.5,1582.786
2cb60493-0197-4bfb-be02-de1bc91f34ea,Manufacturer-2344,Retailer-144,Van,237.2,521.195
33ff15b3-9ff1-4b89-93c4-4363fe3d1872,Manufacturer-2344,Retailer-667,Airplane,193.8,2337.052
b16363b2-55fb-4c61-987f-7228116a3153,Manufacturer-1002,Retailer-144,Airplane,221,1415.801
26de8e60-d10f-4acc-b221-9dd1d71d8425,Manufacturer-1035,Retailer-770,Ship,489.6,1637.046
62282838-da25-4f15-86e8-6fab88b09d41,Manufacturer-1002,Retailer-144,Ship,534.9,1643.625
8ad21263-af37-4280-bb54-121984c23cef,Manufacturer-1035,Retailer-332,Ship,665.3,1002.179
ba8e5cb4-65c2-4f29-80c2-2aa278495a7d,Manufacturer-1002,Retailer-667,Van,578.1,2078.182
9a34e37b-7534-4d31-a7d5-c8efe3b5471c,Manufacturer-1035,Retailer-009,Ship,384.7,2338.01
8497648e-3b4e-4e9d-8032-5d960271d2c5,Manufacturer-1002,Retailer-667,Airplane,52.8,1554.992
e9b74cfc-8f35-4108-bbcc-3a1ed1d2177b,Manufacturer-2344,Retailer-770,Truck,518.6,749.781
f28f1835-71c1-46e4-b6f9-79adf3b0ae77,Manufacturer-1002,Retailer-009,Airplane,691.3,1707.102
502b418b-964b-438e-affd-ad1bca74cda1,Manufacturer-1002,Retailer-144,Ship,411,783.26
62f03a43-9c9f-4cfa-972b-938cb7fbc7e6,Manufacturer-2344,Retailer-667,Ship,508.5,729.749
26933e51-c84a-4731-a49b-7b70c7b60259,Manufacturer-1002,Retailer-009,Ship,516.2,1540.755
5059b790-3e2a-4042-a874-9fc10419c450,Manufacturer-1002,Retailer-332,Ship,236.1,1229.39
b87b91b4-e2b2-43c9-be41-231a1301d496,Manufacturer-2344,Retailer-144,Airplane,443.8,1337.233
919d4192-f993-490a-bae0-ec857e983da0,Manufacturer-1035,Retailer-667,Truck,292.7,2268.745
2a6117f1-3a38-4789-a5f8-3ec3ee722c20,Manufacturer-1002,Retailer-667,Ship,141.2,370.452
38ef48cd-501c-49c3-87ba-cdeb91570ee0,Manufacturer-2344,Retailer-144,Truck,38.4,2165.829
2110a8d8-1c33-4840-8b17-fbefde19119d,Manufacturer-1002,Retailer-332,Truck,106.2,1403.929
2b3a4ef0-ebb1-47d2-a347-e12f7c886897,Manufacturer-2344,Retailer-332,Truck,289.7,1978.649
1447ebc1-3de6-49a2-bdac-00d0df847097,Manufacturer-1002,Retailer-266,Ship,128.3,2104.771
f9068bb7-f878-489f-9fce-8e9e179cb46d,Manufacturer-1002,Retailer-009,Airplane,329.3,230.739
a8fbe041-f24c-49b5-baab-d0fb5dcf07ad,Manufacturer-1002,Retailer-770,Ship,701.4,1910.498
18ba4b13-c8c1-421a-9c47-fc5b95d0fb6a,Manufacturer-1002,Retailer-266,Truck,198.5,1648.667
b67b25f7-4d73-4e7c-a9a9-5a484de31b87,Manufacturer-1002,Retailer-332,Airplane,183.1,301.953
032c664c-266d-468c-9621-dea54d91bda0,Manufacturer-1035,Retailer-266,Ship,358.1,201.912
9f790d96-8021-4ac4-a36a-469b1e286125,Manufacturer-1002,Retailer-667,Truck,72,1386.359
00044783-fc37-4204-9bd4-35672a6521b5,Manufacturer-1002,Retailer-770,Truck,154.7,1933.33
5977ccc9-eb00-45a5-9d8b-cca01fa80158,Manufacturer-1035,Retailer-009,Truck,554.4,1789.117
33fa189f-b0df-45ed-9f6c-9c84a2978947,Manufacturer-1002,Retailer-770,Ship,636.3,1645.168
614c7391-2c81-494f-a186-351e31e25d97,Manufacturer-1002,Retailer-332,Van,158.4,1434.964
3b3db02d-b8dd-49a3-81ed-6a8472ffdfb6,Manufacturer-2344,Retailer-667,Ship,405.1,1104.834
28c1f012-0fde-4685-ac50-59ac3ac809dc,Manufacturer-2344,Retailer-332,Truck,654.8,309.647
70cbab5d-a6c8-4878-a824-ba5fad0b1109,Manufacturer-2344,Retailer-770,Ship,214.7,1914.922
e93c8215-b5f3-48e9-aaee-1400f8fea0ab,Manufacturer-1035,Retailer-009,Ship,675.2,1320.951
fa8db2bc-bc69-48ff-b0e6-d948df2e50b4,Manufacturer-1002,Retailer-009,Van,54.7,958.316
4c914d4c-e841-4838-bec6-11c3aaeace51,Manufacturer-1035,Retailer-770,Ship,347.7,1652.826
2dd941b0-7b84-4b0a-be41-bfbed57c9765,Manufacturer-2344,Retailer-266,Van,166.9,1377.336
2b597d54-114d-431e-a932-3eeae91d7f7d,Manufacturer-2344,Retailer-332,Van,430.8,1331.63
b5636d96-fb11-4ab3-beeb-11af4b5d6e0f,Manufacturer-1002,Retailer-266,Ship,92.2,1581.232
e1b9cb6b-5fdf-4928-b9b8-c4249b2f8e24,Manufacturer-1035,Retailer-266,Ship,68.3,2128.329
158a3534-bc6c-4e5b-ba0d-e0f79b2b4f99,Manufacturer-2344,Retailer-144,Ship,395.8,2136.842
7345e1bb-93df-4dcc-abda-b3f9ca304467,Manufacturer-2344,Retailer-770,Airplane,451.9,1633.394
2d4ac1ad-0947-4733-9cfd-4640f6970517,Manufacturer-1002,Retailer-266,Ship,678.1,1492.095
14b12959-5e14-4acc-af19-5bc231f99d5a,Manufacturer-1035,Retailer-667,Van,300.9,2068.567
34f30445-3a1c-4927-b8b8-dca556ded08c,Manufacturer-2344,Retailer-144,Truck,630.2,2104.405
d2ceecfd-1363-4661-b207-895c78604b74,Manufacturer-1002,Retailer-144,Truck,129.2,1549.787
fdeabe7d-0cf3-4c30-bc0d-b280a30427e4,Manufacturer-1035,Retailer-770,Ship,559.4,1161.484
9824fb31-2c58-42ba-a1ee-12652981ef9c,Manufacturer-1035,Retailer-667,Ship,369.6,2102.372
12b242b9-709c-42cc-89ce-04410cb8facd,Manufacturer-1035,Retailer-144,Ship,232.6,680.601
dcf0fbc1-afea-4fee-8175-2a6b4969e082,Manufacturer-1002,Retailer-667,Airplane,291.3,467.245
a31222c9-723f-4421-805c-67ced57f98b1,Manufacturer-1002,Retailer-770,Van,641.6,1386.921
4d7531cf-bb60-4340-9340-a3dc6f09545d,Manufacturer-1002,Retailer-144,Airplane,440,1699.847
d230764f-7316-48be-80a5-40d08b752d67,Manufacturer-2344,Retailer-770,Van,245.2,1468.349
0096a019-4480-4f37-b4a7-bfb3e146ff27,Manufacturer-1035,Retailer-144,Ship,59.4,1953.05
4b11ac0b-4efb-40f8-b274-0675b6f09659,Manufacturer-1035,Retailer-266,Truck,218.2,1355.301
bcb92bbf-db65-4073-8a38-90f6f54088fe,Manufacturer-2344,Retailer-332,Van,698,1328.244
d055c618-2c62-4361-896d-d017ade72aa9,Manufacturer-1002,Retailer-770,Truck,173.3,1708.802
76232c1d-4dd3-4a1d-b4de-20e425c25f0f,Manufacturer-1035,Retailer-144,Ship,711.4,2496.956
0f49bdf5-c4b9-4338-a975-913bd9f400ef,Manufacturer-1035,Retailer-144,Ship,108,1535.644
bbcedc1f-2fbf-42ea-86d1-39ea3b4c0a5d,Manufacturer-1002,Retailer-667,Van,78.4,779.69
25e03696-da92-40ff-a70f-9443c6fd350b,Manufacturer-2344,Retailer-332,Ship,559.6,2251.363
fd72a0b1-6366-4c0a-bdee-90dbacc65e18,Manufacturer-2344,Retailer-266,Van,145.8,1514.691
96a42309-21fc-415b-b827-2e7249fe81eb,Manufacturer-1002,Retailer-667,Truck,727.4,1279.945
738a7e46-080d-4e3c-9f8d-3a2f047c412e,Manufacturer-2344,Retailer-009,Ship,503,280.236
2b8c202e-e6a3-4dfb-97be-2ea1b4a78015,Manufacturer-1035,Retailer-009,Van,707.6,1461.536
4972ce91-e4a3-484c-8a23-78107e069669,Manufacturer-2344,Retailer-009,Van,500.5,1205.363
fb915798-e7f1-48fb-be3b-5bc832d4a421,Manufacturer-1035,Retailer-332,Airplane,593.1,582.878
3279a106-5c86-4838-95bd-5091fcd7ad42,Manufacturer-1035,Retailer-332,Truck,140,546.628
ac929471-095b-4536-8c16-5da0aa46dd89,Manufacturer-1002,Retailer-667,Ship,101.3,1234.504
73e70a68-cf25-4a18-9fce-f4b9bee41aca,Manufacturer-1035,Retailer-770,Ship,98.6,316.345
e23d4562-3108-4d67-92f7-889098554a77,Manufacturer-1002,Retailer-009,Truck,319.5,1731.491
dd12965e-a264-4d7f-9e54-e167d9487b59,Manufacturer-1002,Retailer-667,Ship,598,1660.568
adc6667f-36e7-4121-b07b-7089419bf2da,Manufacturer-1035,Retailer-332,Truck,616.6,1573.246
a4262507-91b1-4521-a531-71b4006f51f8,Manufacturer-2344,Retailer-770,Truck,628.3,689.764
4538adca-7ea3-4235-8531-ccf1a1a5b3e8,Manufacturer-1002,Retailer-770,Ship,656,841.244
92ffd01d-0fe5-44ea-b327-ed39103b53f2,Manufacturer-1002,Retailer-332,Truck,162.2,372.17
637a1af8-7fa7-4856-b676-d44b98282e28,Manufacturer-1002,Retailer-332,Ship,166.9,1241.336
1ad893bf-2913-4551-a640-43b9969ec705,Manufacturer-1002,Retailer-266,Van,230,644.52
1720e5f7-f7c2-406d-a225-8f53df0cc38d,Manufacturer-1002,Retailer-770,Van,174.1,1957.84
e67660e5-843f-4e6c-b4f3-9b317c2203e8,Manufacturer-2344,Retailer-667,Airplane,400.3,1670.003
6bcc7fbd-6cad-4bb7-9023-af99f1c9cb73,Manufacturer-1002,Retailer-332,Van,177.5,1807.708
17b83559-05f7-4004-81dc-078119ba84b5,Manufacturer-1002,Retailer-770,Airplane,256.4,2481.567
60504011-5111-4111-937d-e099c5befa17,Manufacturer-1035,Retailer-332,Airplane,26.8,1936.418
057f2322-6ef1-4aae-921c-5bcf8d2c91c2,Manufacturer-1002,Retailer-009,Van,52.4,271.748
6fda3e58-c6b2-4961-b559-02a44aa1eca0,Manufacturer-1035,Retailer-144,Ship,90.2,2339.984
fdb0128b-c543-4b4b-9ee6-fbdb21a88e6f,Manufacturer-2344,Retailer-009,Airplane,459.8,369.706
fb11f4d2-b7d6-48e2-b331-9f3f7e342312,Manufacturer-2344,Retailer-667,Van,113.1,2027.886
a10c7738-a4b4-4849-8f98-903ae55b9d5c,Manufacturer-1035,Retailer-332,Truck,440.8,1931.533
caee4833-4aea-43cd-8f8b-cc84da4c512b,Manufacturer-2344,Retailer-667,Truck,170.1,2363.415
ac53cfa5-26f6-49e8-9521-6a508c999a6a,Manufacturer-1002,Retailer-332,Ship,619.3,297.194
52c039c0-12a3-457c-bb54-dc14379ae363,Manufacturer-2344,Retailer-144,Van,249.7,1664.417
18a75c2d-dca2-4ba3-baa2-96412eaa1545,Manufacturer-2344,Retailer-266,Ship,631.8,1830.279
6c2229fd-b6b3-4c42-88ea-2f52702df00d,Manufacturer-2344,Retailer-266,Truck,597,456.088
14c0ff09-c4c8-4da3-aff1-ac8015521beb,Manufacturer-2344,Retailer-332,Airplane,458.4,1023.769
bea5c2e2-0494-406d-9ee9-4eee513cd24c,Manufacturer-1002,Retailer-144,Van,332.4,695.001
4f8a0909-7efb-43e8-a1b2-d50bd632e263,Manufacturer-2344,Retailer-667,Airplane,467.8,2072.475
0338fa0d-4e85-411d-9935-fe7b55486334,Manufacturer-2344,Retailer-144,Van,102.2,1127.291
78b76a35-7f06-486e-93b4-06d8feef8023,Manufacturer-1035,Retailer-770,Van,546.9,613.834
1f533149-92e9-4d7e-96e5-d4e291dfc14d,Manufacturer-1002,Retailer-144,Ship,283,2484.435
1257ba41-5f57-4d88-aa19-2d5fa42f9802,Manufacturer-1002,Retailer-144,Truck,438.5,1953.779
2f698179-4e61-410e-a0f2-7a33fcb0c0c6,Manufacturer-2344,Retailer-332,Van,631.6,386.523
7f81278c-c0c0-4e9f-bec3-22fa25196efb,Manufacturer-1002,Retailer-009,Truck,27.3,1608.488
adbb0e22-49df-47ec-9718-f611210a6865,Manufacturer-1035,Retailer-770,Ship,124.3,802.686
9a759a9d-342d-46c3-851b-2f3a5fbbb8f2,Manufacturer-1002,Retailer-332,Airplane,581.8,839.405
721168fe-60de-45c3-8fa5-0cbd8ac915f9,Manufacturer-1035,Retailer-266,Ship,42.3,219.794
3d8f00bf-95a2-4c93-94c3-feeefd182241,Manufacturer-1002,Retailer-266,Van,525.5,1853.302
7c2ffc2f-6529-4634-a3a4-bbc0fa62f1f8,Manufacturer-1002,Retailer-770,Airplane,554,551.835
2bfe8d03-2063-4512-b28d-85d462761793,Manufacturer-2344,Retailer-770,Van,665,1354.696
30390e45-f80e-4481-abef-c6665e776532,Manufacturer-1002,Retailer-667,Ship,720.2,2358.202
d7beb702-cf3b-46a2-97be-c12d0f75033f,Manufacturer-1035,Retailer-009,Airplane,436.1,910.531
745a2c2d-cc0f-43ff-ba83-b84695bf8423,Manufacturer-1035,Retailer-009,Van,233.5,808.833
c779d673-e20d-4fc1-86ec-347fdbeb8d09,Manufacturer-2344,Retailer-770,Airplane,553.8,760.896
53220a52-0a2b-48eb-924c-d8903deece35,Manufacturer-1002,Retailer-667,Truck,320.6,2102.439
d6474f3f-fa1a-4594-8e4d-e68ca3a200aa,Manufacturer-1002,Retailer-332,Truck,350.8,1448.354
54b8cd62-c60f-447f-be51-a9141de73f82,Manufacturer-2344,Retailer-667,Ship,177.2,1802.8
16289e0d-8d54-48f8-a05c-885e7397a1b0,Manufacturer-2344,Retailer-770,Ship,567.5,730.937
8b47b051-b9c4-4f28-a193-49d8d7cecbc8,Manufacturer-1002,Retailer-667,Airplane,721.1,545.32
9284005f-1b48-4ffa-ac11-ba1d239ac981,Manufacturer-1002,Retailer-770,Airplane,180.8,2027.092
f5dfa7c3-9b29-4896-95db-11686bbfdcf7,Manufacturer-2344,Retailer-266,Airplane,209.5,1294.557
2f0068a2-d97a-4388-b4db-44a56e2c4ddc,Manufacturer-1035,Retailer-667,Van,367.4,201.536
c1914a77-0e0c-4796-8039-6ee71021093b,Manufacturer-1035,Retailer-009,Truck,372.5,1361.029
95f9c0ce-285d-4397-8ced-571d0753dfc1,Manufacturer-2344,Retailer-144,Ship,436.1,524.446
8c1e547e-0d67-4651-9c7a-3bff98ebe136,Manufacturer-1002,Retailer-266,Airplane,80.9,901.926
e47c7a43-1053-493c-9af5-7a2b223948c5,Manufacturer-1002,Retailer-144,Ship,512.8,2258.398
e70f467d-da35-4696-8906-1e836e8bf536,Manufacturer-1035,Retailer-009,Truck,476.1,2235.857
4dbe08c4-898f-42f8-a56c-4fbe9cec2b80,Manufacturer-2344,Retailer-266,Ship,222.1,2074.078
9cd81142-fae6-4068-9be9-42d6a213aa14,Manufacturer-2344,Retailer-009,Truck,118.7,1361.092
8d2de1fb-9baf-4ac8-ae4c-ad791e104875,Manufacturer-1002,Retailer-266,Airplane,659.4,2460.29
9b3ec91b-a69f-4f52-a313-3e45a3371b50,Manufacturer-2344,Retailer-266,Airplane,42.9,1123.039
edfbc6bf-2f5b-431b-b982-93826c3d385f,Manufacturer-2344,Retailer-009,Van,721.8,1207.115
dcbdd4d6-0d45-41bd-8369-cedfd67a7cc5,Manufacturer-2344,Retailer-770,Truck,337.5,1370.264
a1b41a50-d856-45a3-8915-820461d186a4,Manufacturer-2344,Retailer-266,Truck,381.9,2186.057
f1c93246-05ca-4bca-838f-66bba7539b20,Manufacturer-2344,Retailer-266,Van,357.5,905.847
f0067fbe-6f80-47f3-a4c0-be99ea337098,Manufacturer-2344,Retailer-144,Airplane,147.6,1388.173
1360c650-c1aa-4fc0-b774-4cbc961a1545,Manufacturer-1002,Retailer-144,Ship,119.3,1573.728
c31acac1-1e2b-4cbb-a898-7bc3baf924ce,Manufacturer-1035,Retailer-009,Truck,673.7,2157.118
ff501da5-1683-4b60-a84e-256ed4e5d813,Manufacturer-1035,Retailer-144,Truck,572.2,304.872
fb528dc1-7124-49b7-a1d4-8b7840bb23e6,Manufacturer-1002,Retailer-266,Ship,444.8,1656.395
c4aa6e91-b73f-47ea-8377-6298611e0894,Manufacturer-1002,Retailer-770,Ship,146.2,736.303
26fef8df-61d3-4e30-91fb-f1102026d422,Manufacturer-1035,Retailer-144,Airplane,658.4,789.676
aa0ca42c-d0d3-49bd-b208-372e482defa6,Manufacturer-1002,Retailer-770,Ship,228.7,1968.249
209f30f4-1d7f-453c-838e-872db414f312,Manufacturer-2344,Retailer-770,Airplane,159.8,482.607
cef476a9-7717-47cb-b9dd-a032ea187861,Manufacturer-1002,Retailer-266,Van,479.3,1223.61
8c06b056-e3d2-4f1a-a7ba-fc3c7df74754,Manufacturer-1002,Retailer-667,Truck,254.6,249.846
2da1065d-aed5-4708-82fc-f2de102f6192,Manufacturer-1002,Retailer-332,Ship,548.3,2308.244
83a171a2-3b1d-4b6e-9b55-3a6595e257a0,Manufacturer-2344,Retailer-144,Airplane,553.5,1001.364
e3921c0a-1d7c-432f-b3db-353e5d2548c5,Manufacturer-1002,Retailer-144,Van,676.1,2363.976
657b54f3-1f35-423e-a8d7-9d1ca0a6ab7c,Manufacturer-2344,Retailer-770,Van,601.8,786.157
8b28b90c-7251-4775-bb48-c7cc7ddcda6d,Manufacturer-1035,Retailer-332,Van,660,1280.472
cb658463-2702-4d9e-813e-5fc2db5d97db,Manufacturer-2344,Retailer-266,Van,650.7,885.745
415e17d6-955c-462f-b96e-0eea8abea5f0,Manufacturer-2344,Retailer-009,Airplane,551.7,2075.159
14d8e749-7e6f-44ac-83e0-1d4a98c941d2,Manufacturer-2344,Retailer-332,Truck,630.1,1129.192
e7696145-df84-4cc7-873d-25540fd7a14c,Manufacturer-2344,Retailer-266,Airplane,714.3,1714.751
99f41b7f-9296-4fdb-90d5-7a21ab8177a1,Manufacturer-1002,Retailer-667,Ship,586.3,1706.168
dfb78aeb-b27a-4a82-bb8c-15bde696b996,Manufacturer-2344,Retailer-332,Truck,324.8,1547.265
6ee12c97-93ee-4765-8722-fd6ceac2e61e,Manufacturer-1002,Retailer-770,Airplane,30.9,290.512
30c36717-f723-4ba5-b191-9b599c13c489,Manufacturer-1035,Retailer-009,Truck,256,1612.252
145d8699-d889-4b20-b0b3-0a7f1bd53686,Manufacturer-1035,Retailer-667,Truck,427.1,1702.033
aecd0539-3ab6-4be6-ac70-ddf61fa5bffc,Manufacturer-1002,Retailer-266,Truck,486,219.811
cfdecc4d-7e5d-49f6-9d2e-bf580bd589d3,Manufacturer-1002,Retailer-266,Ship,347.8,1730.221
5c7d3fa3-2062-4fa5-8a35-61a24325ca6d,Manufacturer-2344,Retailer-332,Van,337.2,2051.489
e2d6137c-a552-4db6-a1c0-27e445533cd3,Manufacturer-2344,Retailer-667,Truck,681.4,2011.483
a743b4a6-7419-405f-a0dc-9d2567462e67,Manufacturer-1035,Retailer-144,Airplane,539.7,1634.719
7c2f2da7-afb5-40e5-8161-7c45b34e1dd2,Manufacturer-2344,Retailer-009,Airplane,150.3,1363.226
58932355-7bcd-43f5-ab68-373c003ff8c6,Manufacturer-1002,Retailer-009,Ship,222.1,985.817
866e8f3d-82a1-4cdc-8885-542d063d3fc3,Manufacturer-1002,Retailer-144,Van,191.3,639.849
b1cbe97c-72b3-4998-8e67-d21fd73c515d,Manufacturer-2344,Retailer-770,Van,347.2,736.23
e3df1185-e66a-471c-90b2-eb2aa1da0ba4,Manufacturer-2344,Retailer-266,Airplane,96,1160.21
613fdfa1-6087-4d67-889c-9c5c24c60f16,Manufacturer-1002,Retailer-144,Van,720.6,539.869
a126e48a-da4f-4049-8f4f-a1ae3cfe342d,Manufacturer-1002,Retailer-009,Truck,730.5,998.48
c04c077c-90ad-4757-9338-45aeb25fee82,Manufacturer-1002,Retailer-009,Van,435.7,567.991
57580641-071c-4e34-8ba0-a72f6b7e9f5e,Manufacturer-1002,Retailer-770,Airplane,518.3,315.487
2ba5007b-e332-4efa-b8e1-91c44b38a500,Manufacturer-2344,Retailer-667,Truck,49.6,974.349
d5e3c4d6-b6c5-4802-bb5c-a5ad5aa14f0d,Manufacturer-2344,Retailer-009,Airplane,200.9,1975.397
e7335cb1-6466-41ec-b9a6-476a32258c4a,Manufacturer-1035,Retailer-332,Truck,176.4,2384.867
c6dac15c-ae3e-4991-8566-20d7801558b3,Manufacturer-1002,Retailer-144,Truck,361.6,222.494
97fed902-8106-442b-a7d2-dfc6258ac7d4,Manufacturer-2344,Retailer-667,Ship,421.1,1563.576
cd8436b6-0018-4931-a6db-cfba52887ff5,Manufacturer-1002,Retailer-266,Ship,213,772.744
05e13fe4-e89f-441c-b563-1f60993faa16,Manufacturer-1002,Retailer-770,Truck,505.9,2388.868
ff3d4189-e932-440a-b1a6-a1b5ae389130,Manufacturer-1035,Retailer-770,Airplane,471.7,2076.686
99ef894c-0b27-4772-b3d5-64416a1eb82a,Manufacturer-1035,Retailer-144,Truck,64.8,490.215
0f843734-64db-4490-b99d-2b2a334f6e25,Manufacturer-2344,Retailer-009,Ship,552,2130.684
0df6679a-287d-47c5-8aa1-4e8deb051fcf,Manufacturer-2344,Retailer-667,Truck,447.3,700.692
673523dd-8078-4b83-b108-da2e561ab275,Manufacturer-1002,Retailer-144,Truck,254.4,1170.141
1a537f6b-03c0-47ff-9608-f82fb2495bdd,Manufacturer-2344,Retailer-266,Ship,662.2,2083.896
84bb69cf-125c-41ca-b5dc-a385a76f562c,Manufacturer-2344,Retailer-009,Airplane,582.7,739.683
b7868296-0c04-4f2e-b48b-7191117f6f6a,Manufacturer-2344,Retailer-266,Van,685.5,2105.311
4ead91b0-7c35-4a74-9e24-1f0264ff847e,Manufacturer-2344,Retailer-144,Truck,732.7,1601.129
f3c5ca28-5668-4447-b869-b74e377609b0,Manufacturer-1002,Retailer-770,Truck,500,210.356
c17b501e-6bf8-43f1-943d-6c794f8b1c58,Manufacturer-1002,Retailer-667,Ship,295.7,509.347
4a343401-1148-4da3-8ed4-843908680f0a,Manufacturer-1035,Retailer-332,Van,723.8,2406.389
e2afab78-7db1-4ca1-af80-a1774641810f,Manufacturer-1002,Retailer-770,Airplane,663.6,1985.522
be4ea15a-53ee-47ec-8a6e-4e0f20e146ea,Manufacturer-2344,Retailer-332,Airplane,423.1,1837.086
ae4d92c4-60f3-44ad-bb13-15d05cfff6ed,Manufacturer-2344,Retailer-144,Airplane,359.7,322.531
d93357ca-c63b-4800-b67a-0ea877e113f8,Manufacturer-2344,Retailer-770,Van,167.3,282.524
aa88f34d-4f14-48dc-b1a9-62589b21bc0d,Manufacturer-1002,Retailer-770,Van,256.8,1142.895
2b94a2f3-57e9-48bd-be47-b5eaeb0d3003,Manufacturer-2344,Retailer-266,Ship,367.7,990.975
0cc7554c-4d4b-4790-943a-668571eb7f32,Manufacturer-1002,Retailer-266,Ship,188,1538.427
4123a901-2d2f-442b-95a9-389340920199,Manufacturer-1035,Retailer-667,Airplane,435.2,952.199
bbc38014-bbf5-4885-8401-c8089c9eb85d,Manufacturer-1002,Retailer-770,Truck,702.6,2387.977
c8162403-2292-4206-b6c6-3af948880288,Manufacturer-2344,Retailer-667,Airplane,590.7,239.529
7e6cbb15-0be9-4511-86af-8fc0c363fa83,Manufacturer-1035,Retailer-770,Ship,715.9,2203.625
808cb71a-9463-46c9-91ce-955110f2ac13,Manufacturer-1035,Retailer-009,Truck,539.2,451.181
979e87b2-02fa-4684-91c3-e1c340acf774,Manufacturer-2344,Retailer-144,Van,386.8,558.703
f50d8717-2ac3-4434-b822-61492dbb4fa2,Manufacturer-2344,Retailer-770,Airplane,672.6,1408.373
f30057f4-a248-4918-a282-afbec0ecaac0,Manufacturer-2344,Retailer-770,Airplane,168,686.951
f0cafe01-e84a-440b-8cb3-5cd7ba966879,Manufacturer-1035,Retailer-266,Airplane,417.8,1381.971
0ab14b21-be46-4067-8450-471df134bc8b,Manufacturer-1035,Retailer-770,Van,508.2,1397.639
cf23ab3f-c016-4576-8554-649cbe1c6261,Manufacturer-1002,Retailer-144,Ship,236.7,1248.033
64493145-7a86-4c83-8ce0-1bcd7f300718,Manufacturer-1002,Retailer-332,Van,666.2,1275.946
0e6baec0-d327-4e24-9767-5b91871030ed,Manufacturer-1035,Retailer-009,Van,300.4,1325.467
bd6fb326-f571-432a-955e-5f29bc83d172,Manufacturer-2344,Retailer-266,Airplane,749.8,1688.291
adb4ad04-4de1-4a39-8984-83cc9ad5b384,Manufacturer-1002,Retailer-266,Ship,120.6,630.59
7d06e8a2-f794-47ea-a7f5-96fbba426463,Manufacturer-1035,Retailer-144,Airplane,730.4,693.32
5b844b29-3dda-4c2b-a72f-48796c8860f2,Manufacturer-2344,Retailer-144,Truck,418.1,1147.039
69219782-8996-4948-9612-08fa994cbadb,Manufacturer-1002,Retailer-667,Truck,451.2,1891.055
4d6f6db2-c03b-452a-808d-1dc016c0c83b,Manufacturer-1035,Retailer-144,Truck,118.9,988.399
713739f8-3a65-4911-82d0-6854e2f618e5,Manufacturer-1002,Retailer-144,Airplane,656.1,1726.983
de73b99f-6cf3-4df7-94a8-a8783b4e13c9,Manufacturer-2344,Retailer-266,Airplane,55,1553.602
1d63642e-f77d-4a12-a76d-e3a8cae83c2c,Manufacturer-1002,Retailer-332,Ship,707.9,1557.19
f81bcf53-44dc-46d1-a61d-b4f624bf7d65,Manufacturer-1035,Retailer-332,Airplane,174.4,2199
fadda6f6-b06c-4109-91dd-98fb85df275a,Manufacturer-2344,Retailer-770,Truck,649.7,1975.261
3688b286-3633-4d47-8b5b-8303b0ccae56,Manufacturer-2344,Retailer-332,Van,100.3,2495.235
f739d2fe-c232-4844-a1f2-193e10e13045,Manufacturer-1002,Retailer-144,Airplane,487.1,1735.574
bf9f944f-aa68-4211-b020-336db51af712,Manufacturer-1002,Retailer-266,Airplane,194.1,1953.778
b6aefcd0-60f5-467c-9ca2-baaeea26002b,Manufacturer-1002,Retailer-667,Truck,582.7,2017.491
ae6dc4f6-20c8-4081-9bd7-769374114701,Manufacturer-1035,Retailer-332,Truck,362.8,1228.17
c5185daf-abc5-444b-9346-66d223d4ecdb,Manufacturer-1035,Retailer-770,Truck,140.3,1066.618
76505ee4-4ea2-480f-8f89-b6d7e80ae641,Manufacturer-1002,Retailer-266,Truck,335.6,1085.432
78a6ebdf-b74c-4751-ae02-4a17e501dfd1,Manufacturer-2344,Retailer-332,Ship,288,590.217
542e31fb-70e2-4bdf-9eee-d3622b981050,Manufacturer-1002,Retailer-332,Truck,693.3,2420.042
a7d88e3e-4928-4d99-aee2-49e9b36b31de,Manufacturer-2344,Retailer-266,Airplane,567.5,1735.231
164f2c9e-689b-47ae-8e56-e605187cfa52,Manufacturer-1035,Retailer-144,Ship,181,2022.003
dce44a09-ce7f-4a7f-b762-40c201d213c1,Manufacturer-1002,Retailer-266,Truck,635.2,981.9
f0c9d926-bd88-4637-850a-dce10e0ce7b3,Manufacturer-1002,Retailer-266,Airplane,430.8,231.602
207c4657-ee4b-4746-849c-932ee3abdb80,Manufacturer-2344,Retailer-332,Van,613.8,1949.322
617bcd18-faf5-4021-99c8-e1cc61dd97b5,Manufacturer-1002,Retailer-144,Truck,560.2,291.931
4cf88655-3b0b-4c1e-84ee-40d877a326f6,Manufacturer-1002,Retailer-009,Van,430.6,896.582
cbaf4ac4-13d3-47e1-8194-2314fdac5947,Manufacturer-2344,Retailer-667,Airplane,145.1,1136.36
4231705b-4f44-4b7c-b98f-b59443568846,Manufacturer-2344,Retailer-770,Airplane,266,1882.838
6991a437-a385-4b4e-bbf9-dc77de590f63,Manufacturer-2344,Retailer-667,Airplane,712.4,2402.958
9f2b8a82-dd0c-4095-8f38-2bce459b05bb,Manufacturer-1002,Retailer-009,Ship,354.2,543.632
5a060f1d-468f-4767-a206-a05a1f37d31f,Manufacturer-1002,Retailer-332,Van,533.7,688.442
407f5046-86f5-43d4-b513-77b32f62dff5,Manufacturer-1002,Retailer-144,Van,411,2044.454
f475848f-d13b-467e-b590-6098e846308c,Manufacturer-2344,Retailer-144,Airplane,536,1157.457
c07c0fd8-7cac-4a96-8ad6-008a63503354,Manufacturer-1002,Retailer-144,Van,270.1,949.241
09ea1610-d55b-4ab1-8915-8c963604a76c,Manufacturer-2344,Retailer-009,Airplane,125,745.279
d845d8c1-30ac-4161-85a9-1e5fbbe654a9,Manufacturer-1035,Retailer-144,Ship,477,2196.711
40e19927-1d90-428d-b122-17522e4ebc99,Manufacturer-2344,Retailer-770,Van,667.3,1858.544
25fc3638-21fc-4a92-91b1-fd692ab36125,Manufacturer-1035,Retailer-332,Van,182,721.042
a0377317-b834-4b9a-a3e0-9626b317c1d2,Manufacturer-2344,Retailer-770,Ship,653.4,1435.046
7ad953fd-a54a-4102-ae6a-7cd829343c08,Manufacturer-1035,Retailer-144,Van,297.6,1119.139
2f8029c4-87f2-413b-aa2a-763c8895c44a,Manufacturer-1002,Retailer-266,Ship,387.5,492.021
d646303e-c21d-4172-b181-a4783e2538c3,Manufacturer-2344,Retailer-332,Ship,295.9,1669.412
7eb99642-558d-4d97-b216-6b554e451991,Manufacturer-1035,Retailer-144,Van,595.2,888.007
e2b2f8f6-c7e4-4392-bdc9-0f06e367d276,Manufacturer-2344,Retailer-332,Van,620.4,1144.22
f7ca266d-a030-42bb-9ca0-fb07f7dd80cf,Manufacturer-1002,Retailer-332,Van,94.4,2145.225
01edf610-1a2d-45b1-8b96-af15406f961f,Manufacturer-1002,Retailer-009,Truck,336.4,1816.988
5eb91241-ff1f-4500-8c43-8e98d29c202c,Manufacturer-1035,Retailer-770,Ship,736.1,2061.11
28cba427-b596-4634-82bb-ffadb5603852,Manufacturer-1035,Retailer-144,Ship,204.3,567.376
827e5f53-6c8e-43f6-a6f6-3eea2f3aaae0,Manufacturer-1035,Retailer-266,Van,281.7,791.376
2a32b04b-8096-4f85-9f45-17b61b23a18d,Manufacturer-1035,Retailer-144,Ship,411.5,1064.587
c7221dfb-8b72-4195-b7b4-752c2e7261b4,Manufacturer-1035,Retailer-009,Truck,593,684.66
b4fedd28-c516-41de-8768-dc87ec4dcbeb,Manufacturer-1035,Retailer-770,Truck,419.4,2367.617
734f7f74-f335-4d79-82f9-4c2187a0cc21,Manufacturer-1002,Retailer-770,Van,512.7,847.812
c9a1b89b-1ead-4cd6-8533-3114999346e2,Manufacturer-1002,Retailer-332,Airplane,118.3,1311.626
0b9e3be9-1008-4ac3-a4db-4c633c992995,Manufacturer-1002,Retailer-667,Truck,143.3,626.877
2a5dfc95-ea3e-422e-8409-dcd9fef1b326,Manufacturer-2344,Retailer-770,Ship,624.5,335.046
ab4410d6-865c-41c8-8648-b51c164b6740,Manufacturer-1002,Retailer-144,Ship,718.6,1064.847
87780852-df29-4127-8e68-7147a1cc9cfd,Manufacturer-1002,Retailer-332,Truck,635.7,2398.188
21cc3ccc-3282-4ae4-bc5a-e2f09b870bca,Manufacturer-1035,Retailer-770,Truck,431.6,1654.134
a55e79ea-fcd8-4dbc-b597-a4a0fceb3ab3,Manufacturer-2344,Retailer-332,Airplane,145,2127.174
1883baee-fcd6-4759-b912-5c71c3e7b30d,Manufacturer-2344,Retailer-144,Truck,104.9,469.848
ec7465db-b8f5-4c4b-96d0-66b4bcb574d0,Manufacturer-1035,Retailer-667,Truck,427.1,836.954
2bb98857-b23f-443b-be55-bb32ca4ea465,Manufacturer-1035,Retailer-009,Van,124.4,1085.182
b457c04f-b116-4c1d-9c86-a7203c919714,Manufacturer-2344,Retailer-009,Truck,658.3,624.035
b3c08905-0e83-40ed-a34f-46f75cde3d41,Manufacturer-1002,Retailer-667,Truck,622.4,2375.192
233388de-1657-4ac6-9101-7ef7ea717790,Manufacturer-1035,Retailer-770,Truck,427.1,355.057
1a28b3b3-e3fb-43a1-8359-1c8de3ed84da,Manufacturer-2344,Retailer-770,Airplane,375.8,2361.393
d4d6410b-85dd-420b-8ebb-dac2fe872d1a,Manufacturer-1035,Retailer-144,Van,688.3,914.794
15a323b1-4650-47f5-a222-85e1a4fc30b6,Manufacturer-1035,Retailer-770,Truck,664.7,1139.798
51c0fc42-8d86-4d20-9287-3c01ad055483,Manufacturer-1035,Retailer-266,Airplane,657,1481.365
c3ec127e-a70f-47c1-8e7b-cc9befbff450,Manufacturer-2344,Retailer-770,Truck,502.5,631.151
3dba1028-b056-4c89-abe9-777b39d91e8c,Manufacturer-1002,Retailer-144,Van,35.7,396.525
2fe8147c-a426-49fd-a9b7-cd407e3d5342,Manufacturer-2344,Retailer-667,Truck,87.5,1631.509
f69c1880-de74-43c8-82f0-ca17dd23389c,Manufacturer-2344,Retailer-667,Van,290,1379.886
53659aed-4ba6-47f9-9ada-ec2736588529,Manufacturer-1002,Retailer-332,Ship,265.9,1270.837
12f63a91-ff5b-41b4-8c43-e0382deb3f9c,Manufacturer-2344,Retailer-332,Airplane,744.1,1968.744
9afc3cad-207d-41b8-b0d8-c73e6831c876,Manufacturer-1002,Retailer-332,Van,212.7,2118.724
3f85c932-40c7-4284-9df2-6fce9476d6b0,Manufacturer-1002,Retailer-667,Airplane,452.5,1783.838
1a35a51c-c50e-4796-aac7-328f089fc043,Manufacturer-2344,Retailer-144,Truck,302.2,931.256
a22031f4-ad1d-419c-87bf-6da59093929e,Manufacturer-1035,Retailer-667,Ship,130,2236.977
21163654-3a80-411c-b5cf-07074bc6760b,Manufacturer-1002,Retailer-144,Ship,417.2,1730.05
88cb9e05-8f49-4050-b0d8-6ad7294f56ca,Manufacturer-1035,Retailer-332,Van,550.5,1606.016
fa27d284-54bc-4475-827e-48fd11620395,Manufacturer-1035,Retailer-009,Ship,299.2,955.126
ee9a0118-35d3-4c2a-8a8b-af1155056819,Manufacturer-2344,Retailer-332,Airplane,47.8,2171.719
ea9589d7-ffc0-4da1-b616-4443d38fa4f4,Manufacturer-1002,Retailer-770,Truck,448.8,897.565
c7500cf3-435b-4deb-9d6d-352e83c116f1,Manufacturer-2344,Retailer-332,Ship,180.8,750.969
b3f89719-dbfc-4dec-bafe-e867618bde17,Manufacturer-1035,Retailer-770,Van,605.3,1248.201
bcae70b0-dcbb-413a-afc8-f6d1cdd783a1,Manufacturer-1035,Retailer-770,Truck,517.7,2454.256
fffac76c-5e76-493e-9e47-5e410addf5dc,Manufacturer-1035,Retailer-144,Ship,481.3,2255.45
3fbba3b6-00d6-4c72-a2f5-7858c491ff03,Manufacturer-1035,Retailer-144,Truck,721,481.203
2c218069-db1d-4489-ae9e-5811c804cbc2,Manufacturer-1002,Retailer-144,Truck,352.6,1298.937
cf5eff6c-1db1-483c-977d-38459e5442e7,Manufacturer-1035,Retailer-009,Airplane,559.5,639.536
f1e027b2-1c69-4586-801f-40991e98b96a,Manufacturer-2344,Retailer-332,Truck,348.5,589.904
d7427cc0-d4ad-46ff-a62b-054245b3cb26,Manufacturer-1002,Retailer-266,Van,633.8,1821.236
4f2b9536-f63a-42e2-a72b-6df399b4c37f,Manufacturer-2344,Retailer-667,Truck,654.7,254.979
279f572a-0f3d-4082-b6ce-a1320b839717,Manufacturer-2344,Retailer-266,Truck,472,1643.546
f0b42fc3-8b25-445b-9eaa-d47a84c819e4,Manufacturer-1035,Retailer-332,Truck,57,2200.922
658876ba-6802-4afd-9441-7e45a56c0fc9,Manufacturer-1002,Retailer-009,Airplane,42.9,1286.489
01b60984-d534-43eb-8b19-21f1e1e4801c,Manufacturer-1002,Retailer-266,Airplane,357.1,767.038
202cb16c-5b96-408f-9b5d-7f2dbcaaf642,Manufacturer-1035,Retailer-770,Van,409.2,2065.165
91add577-d88a-4aed-9411-3e4b7db86539,Manufacturer-2344,Retailer-266,Truck,574.7,2223.974
ef6afaf4-43bf-4dd1-b54d-c5e7bd095ff1,Manufacturer-2344,Retailer-332,Ship,240.1,1932.867
54573e20-0b78-43b8-a0d0-e0ed23d62b16,Manufacturer-1035,Retailer-266,Ship,707.6,798.289
28b8162d-b640-42e2-b01a-11e5551ca8b5,Manufacturer-1002,Retailer-770,Ship,621.4,2497.76
368e3bd5-33d5-49ac-8aae-e143bf063acf,Manufacturer-1035,Retailer-332,Truck,626.3,517.447
e6a37fd1-1b11-4f0f-ac18-4ccabcc0c9b2,Manufacturer-2344,Retailer-144,Van,128.3,1352.878
86a30442-5c0b-4ed1-a28d-b2d8ebaa1ea4,Manufacturer-2344,Retailer-144,Truck,122.5,430.865
024a52af-b231-4355-92cd-2b2ad00f05cb,Manufacturer-2344,Retailer-144,Truck,507.7,849.174
7d5fcc13-1875-495a-94db-3a919284cb8d,Manufacturer-1002,Retailer-667,Airplane,245.5,311.988
81cb9eec-6560-45a2-a2d0-fd0981239d8b,Manufacturer-2344,Retailer-332,Van,137,1691.009
e00ce9fa-d6d9-47f9-a774-aa3dc377c987,Manufacturer-1035,Retailer-667,Airplane,574.9,1117.209
97eec074-442e-4690-bab9-2d17b5922ac5,Manufacturer-1002,Retailer-144,Ship,260.6,1831.375
0fe21d6a-750a-495d-8046-1e16c45ebd9d,Manufacturer-2344,Retailer-266,Airplane,428.8,1147.163
81065d60-4809-4d93-924b-6944359eebac,Manufacturer-1035,Retailer-770,Van,100.4,1187.843
d5ea8064-db6d-4712-a1e9-2c1dff8e7d99,Manufacturer-1002,Retailer-770,Truck,263.6,299.007
45ca2622-3a23-4073-bb31-154c15fc5a82,Manufacturer-1002,Retailer-266,Truck,708.2,2151.677
2cb397d1-914f-4ae7-b458-3af83b93439e,Manufacturer-1035,Retailer-009,Airplane,421.7,1423.78
91394ec5-68be-4ee7-8c2c-c58ccde60b83,Manufacturer-1035,Retailer-009,Ship,619.1,1899.494
4f183881-051b-4779-a8c8-e3738f53cf5e,Manufacturer-1035,Retailer-009,Truck,305.7,1314.759
a066ca14-a405-42e5-8c35-187a2da6f634,Manufacturer-2344,Retailer-667,Van,542.2,523.086
5eab0b1f-bd2b-43f7-b327-a616abebff54,Manufacturer-1035,Retailer-144,Airplane,504.1,2416.641
08eba378-922e-4603-9608-1c65d34cfa04,Manufacturer-1002,Retailer-009,Ship,107,1534.468
b42966ca-ed30-4e21-90cc-724947a64d5b,Manufacturer-2344,Retailer-667,Airplane,541.5,675.07
e72ff7b9-6fc6-4482-9f2b-2f1840af602b,Manufacturer-1002,Retailer-332,Truck,562.5,1748.468
96a3539e-dae8-4579-af90-f9487eb642a6,Manufacturer-1035,Retailer-009,Truck,447.1,1788.32
497985e7-36cf-4747-9944-0a1dec18a6fd,Manufacturer-1035,Retailer-667,Truck,237.5,506.965
cd10e960-a398-4481-b246-fa93d68ba007,Manufacturer-1035,Retailer-332,Truck,84,688.576
7ec3b57f-0b5d-44ed-916e-a52819ebb4d9,Manufacturer-1002,Retailer-332,Airplane,212,2195.283
887d7572-e55c-4e4c-8e9a-16a1731a1e14,Manufacturer-1035,Retailer-009,Ship,390.4,2043.482
226c792f-cc26-49ec-a30f-219753bd2405,Manufacturer-2344,Retailer-144,Airplane,515.8,1335.965
c50d718c-66f3-4a19-95d5-ef7851fb63b8,Manufacturer-1035,Retailer-667,Truck,699.9,938.386
95fe7460-3754-41d8-b38d-309e9557ea2a,Manufacturer-1002,Retailer-667,Airplane,84.6,2289.683
22c8facb-cab5-4059-a28f-66a630f6a06c,Manufacturer-2344,Retailer-144,Ship,606.7,1883.579
5c47f0b3-833b-4498-8181-2ba87d746b2d,Manufacturer-2344,Retailer-770,Van,232.9,2193.392
26a94a42-aeee-4e16-98ba-e28b1ec91c3f,Manufacturer-1002,Retailer-009,Ship,376.6,2345.149
323ca286-eca1-4449-8f5e-335d1b20184b,Manufacturer-1035,Retailer-144,Van,387.4,1232.571
fb0af5d9-47eb-4025-ac4a-54ac3bc9d145,Manufacturer-2344,Retailer-667,Van,314.1,481.386
e919bb94-83cb-43db-af27-73ed176c3466,Manufacturer-2344,Retailer-009,Ship,365,807.548
99a975d0-7bfc-4a6c-aa14-fcde8e096e91,Manufacturer-1002,Retailer-770,Van,345.6,2055.641
1ad5a240-f015-4ca0-98cb-d389814ffba0,Manufacturer-1002,Retailer-266,Ship,236.7,1186.828
92b9ca65-b987-48c1-aea3-6f6f8fda12e4,Manufacturer-1002,Retailer-770,Airplane,690.9,1538.546
eeff5baf-decc-4cc1-91fa-27d6d30fef76,Manufacturer-2344,Retailer-009,Ship,304.1,2306.825
fc230b35-e491-4558-a8ad-6434633374c4,Manufacturer-1002,Retailer-667,Van,300.3,246.232
4156a927-a8fd-4811-9fe1-05ca39065aff,Manufacturer-1002,Retailer-667,Airplane,545.3,2113.49
2d64f571-2536-4daa-92dc-c5286f71f274,Manufacturer-1035,Retailer-667,Truck,633.5,361.232
